Motif_location (PDB),Cluster_id,Subcluster_id,Family_label
6Z6M_S2:877-922,4,5,HL
6ZMI_S2:877-922,4,5,HL
6Z6N_S2:877-921,4,5,HL
6ZMO_S2:877-922,4,5,HL
6Z6L_S2:877-921,4,5,HL
6ZME_S2:877-922,4,5,HL
6ZM7_S2:875-923,4,5,HL
6OM0_E:85-90,17,20,HL
6OLG_A4:85-90,17,20,HL
6OLZ_A4:85-90,17,20,HL
6OLF_E:85-90,17,20,HL
6XA1_L7:85-90,17,20,HL
6Z6L_L5:4136-4145,18,23,HL
6Z6N_L5:4136-4145,18,23,HL
6Z6M_L5:4136-4145,18,23,HL
6Y6X_L5:4136-4145,18,23,HL
8XSX_L5:4136-4145,18,23,HL
6ZM7_S2:1013-1029,28,34,HL
6ZME_S2:1013-1029,28,34,HL
6ZMI_S2:1013-1029,28,34,HL
6ZMO_S2:1013-1029,28,34,HL
6Z6L_S2:1013-1029,28,34,HL
2OIU_P:58-63,31,39,HL
5B2Q_B:34-39,31,39,HL
4QK8_A:12-17,31,39,HL
3E5E_A:40-45,31,39,HL
6TF2_A:26-31,31,39,HL
6TMF_A:1213-1218,31,39,HL
5B2O_B:34-39,31,39,HL
4WZJ_XXXX:11-16,74,83,HL
7PTS_A:430-435,74,83,HL
4WZJ_VVVV:11-16,74,83,HL
4WZJ_VV:11-16,74,83,HL
4V8M_BA:788-793,74,83,HL
4WZJ_YYY:11-16,74,83,HL
4WZJ_XX:11-16,74,83,HL
4WZJ_VVV:11-16,74,83,HL
4WZJ_Y:11-16,74,83,HL
6LQM_2:1627-1636,87,96,HL
5AJ0_A2:1609-1618,87,96,HL
6LU8_2:1627-1636,87,96,HL
6LSS_2:1627-1636,87,96,HL
6Y0G_L5:1627-1636,87,96,HL
6IP5_1A:1627-1636,87,96,HL
7BHP_L5:1627-1636,87,96,HL
6LSR_2:1627-1636,87,96,HL
6Y6X_L5:1627-1636,87,97,HL
6Z6N_L5:1627-1636,87,97,HL
6ZME_L5:1627-1636,87,97,HL
6ZMO_L5:1627-1636,87,97,HL
8XSX_L5:1627-1636,87,97,HL
6Z6L_L5:1627-1636,87,97,HL
6Z6M_L5:1627-1636,87,97,HL
6ZMI_L5:1627-1636,87,97,HL
6ZM7_L5:1627-1636,87,97,HL
5VYC_i5:414-421,96,106,HL
5T2C_AA:414-421,96,106,HL
5VYC_i4:414-421,96,106,HL
5VYC_i2:414-421,96,106,HL
4UG0_S2:414-421,96,106,HL
3J3V_A:2623-2627,99,109,HL
5O60_A:549-554,99,109,HL
5O61_A:549-554,99,109,HL
7OTC_A:2855-2860,99,109,HL
7OTC_A:461-466,99,109,HL
7Y41_A:549-554,99,109,HL
5X8P_A:473-478,99,109,HL
6TMF_A:1016-1021,99,109,HL
5X8P_A:1786-1796,104,114,HL
5O60_A:1993-2003,104,114,HL
8OIQ_B8:828-838,104,114,HL
7S0S_C:1993-2003,104,114,HL
4V6U_B1:1915-1925,104,114,HL
5O61_A:1993-2003,104,114,HL
6IP8_1C:69-89,114,126,HL
6LSR_8:69-89,114,126,HL
6IP5_1C:69-89,114,126,HL
5T2C_C:69-89,114,126,HL
6IP6_1C:69-89,114,126,HL
6ZME_L5:394-400,128,141,HL
6ZMO_L5:394-400,128,141,HL
6Z6M_L5:394-400,128,141,HL
6Z6L_L5:394-400,128,141,HL
6Y6X_L5:394-400,128,141,HL
8XSX_L5:394-400,128,141,HL
5YZG_F:63-69,147,160,HL
6ID0_F:63-69,147,160,HL
6ID1_F:63-69,147,160,HL
6FF7_6:63-69,147,160,HL
6ZYM_6:63-69,147,160,HL
6ICZ_F:63-69,147,160,HL
6FF4_6:63-69,147,160,HL
5XJC_F:63-69,147,160,HL
6QDV_6:63-69,147,160,HL
6OLG_A2:88-94,163,177,HL
6OLF_t:88-94,163,177,HL
6XA1_L5:88-94,163,177,HL
6OLZ_A2:88-94,163,177,HL
6OM0_t:88-94,163,177,HL
6OM7_t:88-94,163,177,HL
6OLE_t:88-94,163,177,HL
6OLI_t:88-94,163,177,HL
5EL5_1L:31-41,193,207,HL
6Z6M_S2:569-580,193,207,HL
6ZMI_S2:569-580,193,207,HL
6Z6N_S2:569-580,193,207,HL
6ZME_S2:569-580,193,207,HL
6ZMO_S2:569-580,193,207,HL
6Z6L_S2:569-580,193,207,HL
6ZM7_S2:569-580,193,207,HL
6ZMO_L7:86-91,205,221,HL
6Z6M_L7:86-91,205,221,HL
6ZM7_L7:86-91,205,221,HL
6Z6L_L7:86-91,205,221,HL
6ZMI_L7:86-91,205,221,HL
6Z6N_L7:86-91,205,221,HL
4UG0_L7:86-91,205,221,HL
6ZME_L7:86-91,205,221,HL
5O60_A:469-479,240,256,HL
7Y41_A:469-479,240,256,HL
5X8P_A:393-403,240,256,HL
7S0S_C:469-479,240,256,HL
5O61_A:469-479,240,256,HL
5VYC_i5:1420-1431,242,258,HL
5VYC_i6:1420-1431,242,258,HL
5VYC_i4:1420-1431,242,258,HL
5VYC_i2:1420-1431,242,258,HL
5VYC_i3:1420-1431,242,258,HL
4UG0_S2:1420-1431,242,258,HL
6ZQE_D3:422-433,242,258,HL
5VYC_i1:1420-1431,242,258,HL
4WZJ_X:11-16,253,269,HL
4EN5_A:27-32,253,269,HL
4WZJ_YY:11-16,253,269,HL
4WZJ_XXX:11-16,253,269,HL
4WZJ_YYYY:11-16,253,269,HL
5X2G_B:31-36,253,269,HL
4WZJ_V:11-16,253,269,HL
2JWV_A:12-17,253,269,HL
3DIM_A:40-53,256,272,HL
3DIZ_A:40-53,256,272,HL
4ERL_A:37-50,256,272,HL
3DIR_A:40-53,256,272,HL
3DIQ_A:40-53,256,272,HL
3DIS_A:40-53,256,272,HL
6OLE_t:2827-2839,264,280,HL
6OLI_t:2827-2839,264,280,HL
6OM7_t:2827-2839,264,280,HL
6OLF_t:2827-2839,264,280,HL
6OM0_t:2827-2839,264,280,HL
6ZM7_L5:1580-1589,330,346,HL
6ZMI_L5:1580-1589,330,346,HL
6Z6M_L5:1580-1589,330,346,HL
6ZME_L5:1580-1589,330,346,HL
8XSX_L5:1580-1589,330,346,HL
6Z6L_L5:1580-1589,330,346,HL
6OF6_XA:1075-1080,344,361,HL
5LMN_A:1075-1080,344,361,HL
7OIF_1:461-466,344,361,HL
4V6U_B1:500-505,344,361,HL
4V4N_B2:1027-1032,344,361,HL
6ZSA_AA:806-814,351,368,HL
8Q5I_1:2141-2147,351,368,HL
6ZSC_AA:806-814,351,368,HL
6ZSB_AA:806-814,351,368,HL
6ZSG_AA:806-814,351,368,HL
6ZSD_AA:806-814,351,368,HL
6OLE_t:36-43,382,399,HL
6OLI_t:36-43,382,399,HL
6XA1_L5:36-43,382,399,HL
6SWA_q:36-43,382,399,HL
6OLF_t:36-43,382,399,HL
6Z6L_L5:4401-4409,421,439,HL
6Z6N_L5:4401-4409,421,439,HL
8XSX_L5:4401-4409,421,439,HL
6Z6M_L5:4401-4409,421,439,HL
6Y6X_L5:4401-4409,421,439,HL
6OM0_S2:1330-1336,474,493,HL
6OLE_S2:1330-1336,474,493,HL
6OLF_S2:1330-1336,474,493,HL
6OM7_S2:1330-1336,474,493,HL
6ZVH_2:1330-1336,474,493,HL
6OLI_S2:1330-1336,474,493,HL
5T2C_AA:195-206,530,550,HL
5VYC_i3:195-206,530,550,HL
5VYC_i4:195-206,530,550,HL
5VYC_i6:195-206,530,550,HL
5VYC_i1:195-206,530,550,HL
5VYC_i2:195-206,530,550,HL
5VYC_i5:195-206,530,550,HL
6LQM_5:85-90,633,655,HL
7CPV_L7:85-90,633,655,HL
6LSS_5:85-90,633,655,HL
3JAI_7:85-90,633,655,HL
3J7R_7:85-90,633,655,HL
6Z6N_L5:4473-4485,707,729,HL
8XSX_L5:4473-4485,707,729,HL
6Z6M_L5:4473-4485,707,729,HL
6Y6X_L5:4473-4485,707,729,HL
6Z6L_L5:4473-4485,707,729,HL
4WZJ_YYY:49-54,743,766,HL
4WZJ_VVVV:49-54,743,766,HL
4V4B_B3:1053-1058,743,766,HL
4WZJ_XXXX:49-54,743,766,HL
4WZJ_V:49-54,743,766,HL
4WZJ_YY:49-54,743,766,HL
4WZJ_Y:49-54,743,766,HL
7ZRS_3:46-55,744,768,HL
7OLD_4:46-55,744,768,HL
5IT7_8:46-55,744,768,HL
4V91_4:46-55,744,768,HL
4V8T_8:46-55,744,768,HL
