Subcluster_id,Q-score,No_of_motifs
670,0.9939448596222158,4
1949,0.9868659281625609,3
1591,0.8026211425400634,4
1544,0.7400863617781466,5
1585,0.707574803259446,3
982,0.6948437066450354,7
1787,0.6672439288481439,3
1760,0.6608597883203677,3
1349,0.6430641813069857,3
528,0.6428526353398635,6
621,0.6420213114816128,3
617,0.6394352154822462,5
1382,0.6328485419770773,3
1560,0.6324649192471109,6
2260,0.6294381252595468,3
2218,0.6230718903138966,3
1179,0.6220266475473425,3
956,0.6188403626064654,4
1474,0.6145703867783187,4
1705,0.613433042810065,2
2196,0.6128466561175349,2
2353,0.6128409938753687,7
2211,0.6115662422818564,4
602,0.6095298571181486,13
908,0.608673611513996,5
2072,0.6051670642543673,3
1075,0.6051658332266764,3
1497,0.6045886722021311,3
2203,0.6042360424524964,2
484,0.6037275753944789,3
1087,0.6034381205223126,2
907,0.602855408959882,3
1927,0.6022651491618585,7
817,0.5968723132224475,6
1070,0.5952475693926839,2
557,0.5950743210034152,7
696,0.5934399434718742,2
2210,0.5926608621304101,2
633,0.5922795422856258,3
1127,0.5921948425263704,6
1322,0.5914336408692278,3
1662,0.5901064057366143,3
2135,0.5856689790797517,5
1316,0.5834428907331711,2
1933,0.5830728550418905,7
2080,0.5828603823379951,3
1310,0.5828602441765313,3
1633,0.5828599519789993,3
461,0.5828481867886097,7
2234,0.5822840799105568,3
1149,0.5822837177228988,3
918,0.5783653689089392,4
367,0.5754218031234957,4
1081,0.5728706760227447,3
1218,0.572863422772654,3
1129,0.5711823412841629,3
746,0.5704174133749074,10
1308,0.5702717874400335,4
1649,0.5688973946895302,4
233,0.5686789572206156,5
1089,0.5680017116440864,3
840,0.5673701412997176,3
146,0.5660323450332461,6
1394,0.5657565020894999,5
1982,0.5657538970111577,3
331,0.5646479669266492,4
2325,0.5642126883048977,2
2039,0.5634481576941114,2
2038,0.5634446577683019,3
1785,0.5628655976688963,3
879,0.5628537923010569,6
1609,0.562564568898211,3
1714,0.5622899735586452,3
280,0.5622885320631676,3
1071,0.5622883661461127,3
1530,0.5621471225846402,3
2165,0.561843886684235,4
1864,0.561711150791349,3
869,0.5616998962079723,4
1023,0.5602103759197482,4
1025,0.5596614306586223,3
1604,0.5575165875896401,3
332,0.5574759454754731,8
827,0.5563225374969605,6
745,0.5559197741294641,4
882,0.5522915278733551,3
2129,0.5522914040656748,3
876,0.5483314763425134,3
1392,0.5472888334466778,3
2285,0.5471182991524158,2
1484,0.5466929521718787,4
1946,0.546209418786316,3
1737,0.5460340075490993,2
354,0.5455055944493402,4
1913,0.545238985809941,5
1142,0.5435932801431812,4
1443,0.5431797232934326,4
2004,0.5431118818053772,5
2194,0.5423905085461201,4
2317,0.5421746609630977,3
330,0.5421140807378367,3
1763,0.5405622862406345,3
1595,0.5405620435619207,3
37,0.5400840166040953,10
985,0.5395771952009172,6
990,0.5389416406511405,7
402,0.538429738335514,8
1426,0.5382435006974988,3
880,0.5380969534500172,10
1365,0.5373223200381998,2
766,0.5369601869200954,4
2296,0.5367017522144503,3
2336,0.5366378353482351,2
1418,0.5364693981060358,3
1664,0.5364265966416814,4
1373,0.5363835425652612,4
1196,0.5360117839390242,4
1034,0.5354722324484819,4
1145,0.5326591578612843,2
1256,0.5321124937535969,3
539,0.5314007287948286,6
931,0.5310828312018403,4
4,0.5302628349849571,5
1435,0.5302502156875506,7
223,0.5300595096180971,11
1144,0.5293428592474442,5
921,0.5290242693357146,3
580,0.5283715985982373,7
1494,0.5283587539330578,3
1499,0.5280310254437418,4
861,0.5275568184693891,7
1660,0.5275468763387018,8
2375,0.5272950984880289,2
25,0.5265475941584132,12
822,0.5258003236925655,3
542,0.525607788045889,3
23,0.5249684064748295,3
871,0.5233770611336178,7
1728,0.5228371347381715,2
1559,0.5226923078198705,4
1801,0.5222420153244016,3
420,0.5221015793978604,3
298,0.5214540399783444,5
1136,0.5206842212968298,3
206,0.5205967312199954,3
430,0.5194246303135213,7
410,0.5192231688867719,7
782,0.5188691822582354,4
138,0.5169161864359237,10
1522,0.5162483366834962,4
622,0.51590887861975,5
1912,0.5157586266983787,6
312,0.5151778877064527,8
316,0.5137654539343773,8
2153,0.513683807904989,4
714,0.5130738304671777,4
724,0.512561725286971,3
8,0.5119172687212483,9
1242,0.5113867274002388,4
1896,0.5106624614816043,2
2371,0.5092300815821061,2
695,0.5090277384495518,5
186,0.5086896990175876,12
972,0.5068536092819681,5
1341,0.5067465764963605,5
1423,0.5065627221522425,5
855,0.5056306677659912,2
1086,0.5054211906690307,4
1807,0.5053659636669949,2
145,0.5047699541159034,7
254,0.5046860260435133,5
1235,0.5043910636218093,3
589,0.5041994978347881,4
124,0.502980603530728,11
625,0.5026833173788781,9
1078,0.5013643279457055,4
1625,0.5013253425318175,3
82,0.5012899851404063,12
496,0.5008897054733715,13
1663,0.5003962795855459,3
587,0.500169047707802,7
317,0.49997267405838003,4
303,0.4997901888025825,4
592,0.49974172673585465,4
1059,0.499551552969066,2
1722,0.4993960836056958,4
163,0.49935706572713856,3
328,0.4986208241174935,5
905,0.4983834981261067,5
1909,0.49836751207245955,3
946,0.49694677964777373,3
1551,0.4968563750821705,4
1183,0.49627929848242447,7
2067,0.49609717734225517,2
1084,0.4954943390417146,2
114,0.4949546532740804,6
997,0.4939557584872354,5
1504,0.49392634617159437,6
498,0.4938775172772645,3
936,0.4938704441428835,7
1407,0.49385518194310246,8
591,0.49374289139547267,13
1108,0.4933899805673706,2
612,0.492412395498002,6
488,0.49240106294197805,4
588,0.4916369629715779,5
901,0.49147266384697147,4
526,0.4910059931544609,3
399,0.49083077585036394,5
2270,0.49072662592939886,2
1824,0.49001381637916247,3
1303,0.4897479959126027,6
1581,0.4895495704050882,12
373,0.4877139242794817,5
160,0.48739885171147374,7
291,0.4861286469769307,5
884,0.4857247295769844,4
417,0.4853435108891688,8
1350,0.4852982302121467,3
275,0.4852347912546771,6
940,0.4849337204624673,8
1541,0.48459514754932315,7
1600,0.48436527733925194,4
1891,0.4843349523200614,3
1195,0.4843108856186603,6
541,0.4837581586847907,4
144,0.48279928223327173,6
38,0.48268981234235175,9
415,0.48237401107175665,4
779,0.48217452203596506,4
783,0.48067036628458426,4
1437,0.4799773420662825,4
1777,0.47916670616930357,6
970,0.47906271221292557,9
860,0.4789921904124663,4
205,0.4787754448853143,5
1219,0.47848631098606176,4
1469,0.4783135601031745,3
1351,0.4779105850455926,2
598,0.47761381447254675,7
984,0.4768147248009622,5
1259,0.47665834161089,8
2020,0.47641041774065107,3
129,0.47613441170233195,8
1788,0.4760491624082009,4
13,0.47515805592207677,7
608,0.4749762807828445,6
325,0.47473133949716245,9
1525,0.47439871911799886,3
1379,0.47423886960205824,4
922,0.47350401076926985,2
1503,0.47334015812863434,5
565,0.4729632529178093,5
1375,0.4728722131320034,4
71,0.4721108991214993,16
862,0.4718789886336208,4
72,0.4715678887109825,6
630,0.47124888894380224,5
466,0.47113262444227616,7
523,0.47091688957740047,8
991,0.47081902619804206,8
644,0.47034328158632516,6
434,0.47030909959863043,4
688,0.4702979264142319,4
184,0.4700933331500612,3
992,0.46978991558084243,6
195,0.46849848053691145,3
902,0.4683760629239307,3
476,0.4675869100523112,13
286,0.4665881463560251,4
389,0.4656163411520423,7
690,0.46560936159727234,9
601,0.46560506373708344,5
1013,0.4655882883375927,3
813,0.4655220728851179,7
1333,0.4653112781083563,8
80,0.464598816179357,7
1063,0.4641255748347389,5
157,0.4638212080627069,3
567,0.4633995772115757,8
1185,0.4620751203603527,4
775,0.4616788333785563,6
1158,0.46102412484904665,2
1162,0.4606650679100648,3
371,0.46052791982438,5
1007,0.460485156132743,5
624,0.4600398251510845,7
2243,0.45985449357042363,2
1447,0.45954576435539196,6
222,0.45881740268130633,8
310,0.45876836841268814,5
572,0.4587199238606908,4
237,0.4577337797437554,3
208,0.4570324824567623,4
1974,0.45665007620200776,4
1364,0.4565642754015453,4
2206,0.45627488255975335,5
1720,0.45621836093787627,4
403,0.45606953164488845,8
748,0.4552100875301643,4
1857,0.45506701870987676,3
1513,0.4546475988215292,5
270,0.45371212630763724,11
285,0.45338461405358826,2
563,0.4530008158753938,5
785,0.4529169447518322,8
723,0.4527557624303958,4
1074,0.45260769528839767,4
1173,0.4524609566762278,6
92,0.4522426127853072,9
235,0.4522329192975347,4
1538,0.45202843181252145,9
1163,0.4518830673473899,3
1213,0.4514315742336929,4
1134,0.4512103756985125,5
1819,0.45109019511461734,2
1157,0.4507969690081564,2
888,0.45008148644820184,4
805,0.44867103182388207,5
611,0.4486080754385153,10
1032,0.4483266293311805,4
1109,0.44825681131992234,7
1265,0.4481208824310674,4
408,0.44774460468091537,10
438,0.4470504472521093,7
999,0.4465202750728939,7
431,0.4465026665604512,4
450,0.4464714990310201,3
65,0.4464080423210613,9
404,0.44625491111572707,4
2304,0.4457078426651076,8
741,0.44559406735238993,6
700,0.44557850190622184,6
1141,0.44533547314030353,11
515,0.4447901384444696,8
2190,0.4445448346288214,4
1083,0.44444515411267466,4
750,0.4438922707625217,3
1791,0.44366705814295543,4
418,0.4433988870849331,6
659,0.4433776385537581,4
1512,0.44293262350406815,6
897,0.44275436443851274,7
141,0.4424267420218944,5
708,0.44203756267827676,4
49,0.44163840187763814,4
1586,0.4412003507356146,5
1811,0.441093094584668,4
1556,0.44032341395221547,3
1639,0.4396606608526679,4
1768,0.4391299702933382,3
1778,0.43902171761605,6
113,0.43851807684847144,6
1040,0.4381556140428761,5
954,0.4379708212758682,6
313,0.437747200561373,4
216,0.43768923024157985,5
807,0.43736617660755317,7
697,0.4371047085986629,8
1332,0.436657799971921,3
641,0.43633519876471183,6
1520,0.435972593595854,6
1862,0.4358575230169346,3
451,0.4349148936400899,3
760,0.43490210852505595,4
618,0.43489144854406936,7
1894,0.43488498487290705,3
1177,0.4343685735707197,5
916,0.4338871094048787,3
357,0.4338747109570835,7
428,0.43383161165546674,5
306,0.433583819549895,4
1786,0.4316309552947008,4
1056,0.43037326820086724,8
2126,0.43024065057902816,5
2373,0.42971095457355335,4
301,0.4294562599043212,3
1828,0.4289378123028471,2
2002,0.4264793991730726,6
2066,0.4258147041202654,2
1457,0.42556001574311264,4
2245,0.42520704322258507,5
655,0.4228552498415432,7
79,0.4225127164937484,7
2197,0.4223414879256108,3
414,0.42231909513795224,3
584,0.4216922193033249,6
47,0.4209818663742902,3
1397,0.42084859042246187,4
646,0.4205195056027162,3
1319,0.4200691034024289,5
470,0.4198582299374747,4
2266,0.41944484876614585,4
2287,0.419343683057868,2
963,0.41930716631021003,4
252,0.4189194092863314,5
1119,0.4188767635654466,3
190,0.4184119144943931,8
230,0.4182707881731915,7
167,0.41822406576323184,8
1861,0.4171658301586797,8
1252,0.4170279433737971,5
1841,0.4169526108125501,3
394,0.41662355501835197,6
1147,0.4164978186359744,8
447,0.41562159605302496,5
353,0.4154435949065559,4
1292,0.4149556136961373,9
753,0.4147625221586937,9
1507,0.41466042069967457,6
661,0.4143223699070118,5
577,0.413392984964428,7
772,0.41335043381596204,7
245,0.4133481676110445,8
127,0.41315158229211835,9
1298,0.4126601791824309,4
691,0.4121572516279977,4
196,0.41101271997738364,4
615,0.41094413102515254,6
1168,0.4100615104398033,4
582,0.40962954064954293,9
228,0.40938590709746486,10
961,0.40860134679598936,3
126,0.4067935359946086,4
1515,0.40665574448084885,3
1789,0.406357306079723,4
194,0.40526049487980026,14
1552,0.4049912985755474,5
85,0.40440305697360424,4
439,0.40407239885712937,2
1312,0.4034587936926378,5
1095,0.403077431013146,5
2166,0.4025177100815737,2
1500,0.40249322378498237,3
878,0.4024671694326858,4
29,0.4019677647366139,11
2315,0.40178472257539655,2
77,0.3997759143904373,4
1245,0.39954254374833786,5
2110,0.39946877390645424,4
2195,0.3988510088190387,2
532,0.3987058937168062,4
939,0.39857645327471625,4
1852,0.39831932532838404,6
1425,0.3977486262738946,4
1695,0.3976763990291867,6
1876,0.39725250061050443,4
187,0.3972157081336506,5
1060,0.3971043313169904,4
1688,0.3961234713979346,4
953,0.39566943339069427,4
397,0.39482530027050755,8
1293,0.39464734152139824,11
1848,0.39456087478636875,6
1257,0.3940448549324555,5
1608,0.39384294187809243,3
711,0.39367640323419667,8
1389,0.3936311638317355,5
2010,0.3936211115946751,2
1045,0.3933924307288678,3
1042,0.393079381708947,4
137,0.39250729349615165,10
527,0.39190174382664783,7
1833,0.39152505322898357,3
603,0.39112686952246256,9
9,0.3908697786631346,10
227,0.3905495450991658,4
713,0.3903181364832504,5
343,0.3898241553405687,14
1278,0.3894472217316336,4
1227,0.38924314931865506,6
2279,0.3890665092246174,2
1039,0.3890068954098731,6
2299,0.38852278292117215,3
1152,0.3873617044083046,9
133,0.3857067870120524,5
1770,0.3854292859898351,7
866,0.38520943585788175,6
2003,0.38448158829636975,2
585,0.3843523901879318,8
1818,0.38404679899535776,2
1468,0.38301281034777634,4
147,0.3828418548028334,4
374,0.38273376010040094,4
535,0.3826951396662664,6
1361,0.3825079431358027,4
17,0.3818091890334485,8
797,0.3815489782678154,4
1612,0.38124752571324816,3
1092,0.3810150107598542,4
510,0.3809762903935359,7
98,0.37966921090985295,4
229,0.37923503962082084,4
811,0.3791341461573601,4
422,0.37913297931176276,6
639,0.3783127031497857,5
1966,0.37750827266023407,4
1554,0.37741953445103393,4
1744,0.37701970107595495,5
595,0.37660589111386655,4
675,0.37630214238352927,3
1924,0.376009854381767,4
1043,0.37515406713052674,8
1967,0.3750101968894427,4
1107,0.3750028599748432,2
290,0.37490267864796134,3
560,0.374832694207408,3
1529,0.3746635640022486,3
687,0.3745779268480783,3
1161,0.37450017157824306,5
344,0.3733688634528619,2
214,0.3729752950576142,7
398,0.3722936826205541,3
392,0.3722859024975432,5
1733,0.37199875218587,3
1622,0.3717369126680731,2
263,0.3716022360600443,10
686,0.3711171194571645,4
2255,0.36927730711319806,4
1689,0.3682336934453644,5
30,0.3678552262710429,10
272,0.36748282780297503,6
662,0.36701336831157383,8
1531,0.3669840949301857,4
1898,0.3666252281804559,4
1759,0.36609979867717934,6
2161,0.3656172558407994,6
1648,0.3649317944334894,4
1584,0.36444952789215046,3
1205,0.36435767931645335,4
1944,0.3641632400899061,4
1151,0.36379664481761365,4
334,0.36332254925752877,8
1100,0.3629764181576061,6
1340,0.3623236754197414,3
1882,0.3622832493221415,2
634,0.3620034033123759,6
1224,0.3617847573703497,6
795,0.36147281347009974,4
1813,0.3608809795232942,4
1540,0.36076037540213973,6
2045,0.36049136972287843,4
850,0.3600220334915651,5
356,0.35952442325719,6
1574,0.3583334303958956,2
730,0.3578305113275511,4
2216,0.3572734287670767,8
120,0.35600586208881746,4
1038,0.3557486900163907,5
1228,0.3554812435502994,5
2042,0.35436848713341557,4
412,0.35426901349477413,5
1844,0.3541808592861105,3
1169,0.3541783432988792,4
705,0.3532919147313223,4
1792,0.3530550904956244,7
966,0.35235537250456467,4
1526,0.3522258787892154,3
1611,0.3521343385269785,5
500,0.3515553085282437,5
449,0.35154878841294307,5
1155,0.35141739211652256,5
538,0.3493229430342478,5
1871,0.3488437769208781,4
721,0.3487267478303099,8
1826,0.3479247609276353,7
1868,0.34773218445470705,8
512,0.34764244716935266,4
169,0.34724453815735423,6
799,0.34702175710059247,4
1200,0.3464416604104258,5
821,0.3462519092702243,5
1429,0.34607641827054675,3
437,0.3459564181148292,5
718,0.3454714412648224,4
1592,0.3454285946220737,4
2340,0.3447416284129228,5
1822,0.34452870615596914,4
571,0.34445911412225677,3
927,0.34418696290798856,5
1302,0.34406937757893763,5
895,0.3437699802439882,5
504,0.3432988057755836,4
981,0.34328218883383244,6
2292,0.342850667002467,5
1523,0.3422148991526497,3
503,0.34215452540761265,4
1120,0.3420206588847939,4
788,0.3411940132970082,3
1178,0.3411828215248518,4
637,0.3410981672756951,11
266,0.34075863188401856,5
2232,0.34072281962669626,7
725,0.3400915564741459,8
202,0.339995375215614,4
2,0.339422045392042,10
851,0.3393110864952819,5
1919,0.338759685304872,4
1231,0.33803337683172013,5
1641,0.3379536287325704,6
446,0.33771679776768115,6
1959,0.337576429097391,3
2047,0.33707779546460165,5
2114,0.33675530491400146,4
877,0.336719217811215,6
297,0.3363430099868998,7
1247,0.33504009194843914,5
870,0.3349557094167054,4
1479,0.3347392637386668,5
1061,0.3346864083013279,3
1125,0.3345841152295564,4
2281,0.3344853408684672,6
758,0.33403545367341714,6
682,0.3337964578138843,7
915,0.3337905680594341,4
1679,0.33373983235484217,6
677,0.3333739981632974,5
1654,0.33314181731279857,5
1756,0.33300518395706363,4
1601,0.3329868524055742,5
1215,0.3319411058901135,5
1048,0.3317946428724973,5
1138,0.33173386939803845,4
998,0.33151568420449007,6
965,0.33132245258102505,6
1829,0.3308859109018958,3
1430,0.33079075579145134,3
1618,0.33038574422125544,3
1575,0.3303236367589469,3
549,0.33003031888806755,8
892,0.32980101389350547,5
307,0.32884681953665384,5
1808,0.32884085922167905,9
1790,0.3278920655777108,4
1413,0.32766476219512375,4
1408,0.3274755196203882,4
763,0.3274090141392561,3
100,0.3265760189972828,3
744,0.32656845149121777,5
1533,0.3265258680894162,3
2091,0.3261454089990143,5
2131,0.3256587161705049,4
365,0.32518985232998027,4
919,0.32429313248892105,4
189,0.3229167726910479,12
341,0.3229145159636876,3
1916,0.32272126168488935,4
1510,0.3217418242388231,4
150,0.3213931977070098,10
457,0.32087317861822107,3
1368,0.3204809368259731,5
854,0.3197126717567564,3
1772,0.31959785558358705,4
1267,0.3195261242464843,5
1416,0.3189305617294101,6
1793,0.31883748422295144,4
1666,0.31835480247834624,7
1358,0.31786809293044554,7
556,0.3173303727294251,6
304,0.3169366530540483,3
1465,0.3163388797502503,6
103,0.31617798392393315,4
977,0.31608667295229603,6
1732,0.3158860276033032,4
329,0.31541523660520343,6
2239,0.3152770333969364,5
1044,0.3152646031909474,9
2180,0.31437968295784025,3
559,0.3141214668531306,8
756,0.313583958792576,6
2345,0.3126868674109762,10
479,0.31255733948175907,4
1751,0.3124251478111116,4
393,0.3123074580903441,4
896,0.31010275223831824,6
2122,0.3097082686675295,4
45,0.3096694274149973,5
823,0.3095383498959416,3
2155,0.3093040671011884,4
613,0.30916332062645374,4
1606,0.3091179856925679,5
11,0.30879911485635014,5
1343,0.3084388529203801,10
2310,0.30840650113548884,3
6,0.3078910996847866,7
841,0.3078518420030982,8
1291,0.3076740701538973,5
1327,0.30763985016488715,5
519,0.3074883778290441,5
1632,0.30721882405391,5
2280,0.30637850458041377,9
1567,0.30616647605071473,4
207,0.3060419801358325,5
1188,0.30567530959586475,9
2083,0.3056618600837674,4
1910,0.30514607767655777,7
1335,0.3047963370305715,4
1052,0.3044331669497506,6
1747,0.3041813780940938,8
847,0.30325969995211843,5
1470,0.3030244631187922,3
710,0.30268351389576703,5
246,0.30252605129609417,4
650,0.3021224891074827,11
912,0.301367044889255,6
2379,0.3012270653917065,6
1655,0.3010592508955822,7
203,0.30089263924401016,7
1255,0.299639744576081,4
1244,0.29882224216647707,5
1282,0.2985289793546289,8
771,0.2981593783192203,3
1207,0.29785440698123483,5
1130,0.29752437697338474,9
1181,0.29707878403934534,4
1239,0.29668228639215555,5
477,0.29665308368790116,9
1226,0.29649472059709064,9
2370,0.29614728155688375,3
1920,0.29586027646609214,3
1004,0.29535598043340844,8
1532,0.2945540657028569,3
1817,0.2944192713095516,8
814,0.2940984469209781,6
1626,0.29393764207701484,6
2054,0.2931872540130963,3
1449,0.2928319237675277,3
2007,0.29281725258547814,3
1865,0.2927962771248859,5
1880,0.2926440992031191,4
1269,0.2925572467347992,4
722,0.2922544048703908,8
2298,0.292239264938947,5
1067,0.2918738160472746,5
2192,0.2918530907750833,5
454,0.29170466020917984,3
2096,0.2916935276449894,3
1104,0.2916357876228076,4
2145,0.291286873467846,4
717,0.29103533065977777,7
1216,0.2909967125537444,3
1698,0.2908488372303159,3
2181,0.2905206175281393,7
123,0.2900996562485382,7
2230,0.289908698454219,9
1782,0.28979689822246996,4
250,0.2896730988769801,9
1464,0.28941508413396966,3
406,0.2891281446785734,3
547,0.2885423174156927,5
1963,0.2884549677323878,3
1466,0.28834480632694215,6
1176,0.28761445257695195,5
284,0.2874216780489281,13
308,0.287324540969367,5
2247,0.28722395322130434,4
1047,0.2869755402227347,5
32,0.2868220695286283,4
1856,0.28652933191596885,6
76,0.2865292572888419,8
2328,0.2864971373877812,3
327,0.2864566270661121,7
1783,0.28603296136553436,3
891,0.28576168718860406,11
231,0.28526168539820496,7
1069,0.28434662593766824,3
2146,0.28415628580875557,3
926,0.28373576782065224,5
121,0.28349046253860066,4
1802,0.28311156055928693,7
1993,0.28303198193648293,6
1111,0.2829879533769473,7
1623,0.2828099538889337,3
154,0.2827989546231834,6
751,0.28270626280461214,7
2123,0.28254876195124745,8
801,0.28226626249492315,13
749,0.28192928260171235,3
262,0.2812804503711661,7
737,0.28108732738222836,4
1274,0.28083763548325064,5
1201,0.28066370458808887,5
1329,0.280100995595026,2
83,0.27984485902948764,5
660,0.27974862268458434,6
2182,0.2793422562579631,5
2191,0.2792854425486166,4
525,0.2790433565003899,5
1016,0.27884935087188806,6
930,0.2788259383975708,5
1404,0.27829043677752496,4
1005,0.2777631823256343,4
2383,0.27746927326100657,2
533,0.27741063354446194,8
511,0.2773802855272663,7
1537,0.2773386828275509,4
1321,0.2770002706954424,5
115,0.276626729834352,6
337,0.27655694499274247,8
1889,0.276495884199761,5
379,0.276231202546242,5
719,0.2758026869114836,4
971,0.27534397190392335,9
537,0.27530237114839384,5
834,0.2753015817088978,8
2332,0.2750818809733758,3
1446,0.2748978346199389,4
1834,0.27456778719616187,7
2079,0.27445785876958045,9
764,0.2732888708505251,8
1825,0.2730525135073944,7
604,0.27268249350051055,4
1752,0.2722029556287417,5
1241,0.2721168197516006,6
1516,0.27193680259374137,4
2193,0.27185858983926664,7
1672,0.2717797163081325,4
1925,0.2711905808338004,8
2029,0.27096894471713495,4
1058,0.27081271823361075,4
419,0.2704827357864552,7
2223,0.2703599866139459,4
1572,0.27026835080386286,8
2326,0.26988874294059245,4
1381,0.26986834876246557,4
1635,0.26967148041680183,4
1140,0.2695877508080921,13
1123,0.26927790745247593,7
1716,0.26908786289625486,8
509,0.26900633555696096,5
2229,0.2688360557529528,3
874,0.268687245183163,8
2065,0.2682845714356326,8
311,0.2682173287233845,6
321,0.2670232114970392,4
752,0.266620696301717,3
629,0.2662529857429895,9
46,0.2661294682954678,11
1055,0.2659600267670311,7
1573,0.2658752018215847,7
1590,0.2653972210145451,5
2152,0.2653827675034365,3
1646,0.2651219495355689,4
1798,0.26498613854778236,6
1918,0.2646268071310524,19
1280,0.2641060004024072,5
1905,0.2640156394780355,3
2324,0.26389998730712283,7
387,0.26383600980360156,7
1953,0.2634843118713345,6
1676,0.26317093345769715,7
1294,0.2629086268369907,6
903,0.262876846289528,6
2017,0.26230116756195004,8
2258,0.2621071272342289,3
1090,0.26199356371570354,10
1251,0.2619160710915982,11
458,0.26187040130167794,13
2322,0.2613222803001274,9
642,0.2612408419407997,7
952,0.2610055145753453,5
1296,0.26060323173047173,4
816,0.2602928924764815,8
2171,0.2600048582297495,2
2157,0.2597533973934293,6
51,0.259615002924735,4
1976,0.25934458612444833,5
2062,0.2592031097213641,7
1616,0.25916548166722636,7
781,0.25851180758263653,3
2297,0.2584418074483364,7
594,0.2574683848405866,4
712,0.2574346127197856,5
104,0.2573313964002134,10
198,0.2572287667688813,11
108,0.25705429892530585,9
336,0.2568897530302732,4
221,0.25672989345521013,5
239,0.2566691137596692,11
1272,0.25530357025609257,7
858,0.25508889356956105,9
1094,0.25505012354113843,5
2215,0.2547007663039752,9
702,0.25450495137666473,12
1401,0.2542835417862461,9
1881,0.25411149417110634,6
2221,0.25361597299281097,4
220,0.25353984537840063,8
2374,0.2532243717755852,11
1820,0.25296808509632224,4
118,0.2529513386201502,3
923,0.2527182686043783,3
609,0.2526680781369128,6
1994,0.2523655824039821,6
2014,0.2523518835697205,3
1738,0.2521506437369249,6
2055,0.25201980689405484,5
583,0.2518483111622498,7
182,0.25177619308048216,10
1148,0.25148214997143425,5
1311,0.2514543406065479,4
2358,0.251432237872261,5
93,0.2511526388764414,9
294,0.25086557847055735,5
1150,0.25075723936058514,4
2214,0.2504204130370928,8
1549,0.2503848252791,2
569,0.2503491823182738,13
390,0.25002916404014136,3
1630,0.25002301513908637,6
652,0.24991189901756294,8
1475,0.2497460071690818,6
2098,0.24974550565642892,7
1286,0.2495407627448538,10
1323,0.24951389729677959,7
1098,0.24917343898318842,3
456,0.24904752972833485,8
1977,0.24900497346307354,6
1866,0.24896201199183673,7
2350,0.2488163832027548,5
1599,0.24874379133963265,7
2051,0.24872589708244322,5
964,0.24858375815498515,5
226,0.2484267922844633,9
101,0.24841777006466945,9
1665,0.24806360057913798,5
1917,0.24801256606880057,8
1352,0.24773320126666637,4
824,0.24762849227929404,2
1448,0.24724652487625398,5
1656,0.24697089634336605,7
490,0.24658702222827605,14
1391,0.24591273098288488,4
2102,0.24553608294929716,5
185,0.2451454558232486,7
1518,0.24496734346311713,7
110,0.24471510982463945,12
1877,0.24469927703807787,8
774,0.2443417643733532,4
1164,0.24430795403345612,10
2368,0.24410130565003044,5
1999,0.24406964570889061,3
1068,0.2439722234473231,3
1202,0.2436318987064468,5
2168,0.24293106575129006,6
883,0.24288085914940888,3
1979,0.24278488714501859,6
555,0.2424556970285413,10
1562,0.2423170945498621,7
820,0.241947743019147,6
188,0.24180899072183185,5
762,0.24177649113046584,6
1597,0.24171637659989978,7
1842,0.24107529390348764,9
1784,0.24081741793531347,3
632,0.24061273893908822,5
2000,0.24039467121739616,5
2021,0.23949377532161997,6
913,0.2391811451400529,6
809,0.23889560055869388,15
1495,0.23883729962593825,3
1814,0.23880948139634905,4
320,0.2384990165581964,13
666,0.23848186577925654,5
192,0.23846998503185304,8
1836,0.23829870264792885,6
1708,0.23803418855611622,8
1309,0.23782133943718045,4
2352,0.23766110211945585,5
1065,0.23723499055462108,7
640,0.23706014436063338,10
2343,0.23704055128089596,3
1483,0.23688036883854932,5
839,0.23668997794424218,6
1053,0.2366814237363283,3
1021,0.23665672889420672,10
798,0.2364389127567291,11
2006,0.23620496415557038,4
558,0.23603891913078884,5
1461,0.2357426757545429,5
651,0.23540517356252372,7
265,0.23537715777740317,6
678,0.23476583241453652,6
987,0.23448279085372584,8
1304,0.23444409908733713,5
443,0.2343645328930365,4
62,0.23427527523765965,6
287,0.2340931617714062,7
835,0.23406519022911465,7
1863,0.23355936868678123,5
1374,0.2335073621680907,5
1886,0.23333536132750612,5
1731,0.23333386161830763,4
1477,0.23318181029618779,6
1547,0.2331324168414912,7
657,0.23311587473570045,5
164,0.23258487388681529,3
929,0.23216772688177661,7
2053,0.23198464623532683,9
2130,0.2319437486010164,9
2356,0.23168928808441547,4
1027,0.2316228123295353,16
2347,0.231490033670726,4
1853,0.23121312838719504,7
1398,0.23111563109139052,7
15,0.2308758212574853,8
1478,0.23079568315317908,9
482,0.23057782473431024,12
426,0.23046695804542017,8
31,0.2299669116787891,3
829,0.22933305961891925,5
377,0.2291903343341575,7
789,0.22917357127523974,6
699,0.2287253429042498,7
70,0.228081665470497,8
947,0.22806772967131295,8
1957,0.22792139036003772,3
1583,0.22783022595040692,4
1006,0.2275015024625352,7
445,0.22737335164131775,8
1028,0.22726553708004268,7
1995,0.22691431981565993,4
1987,0.22689394973805613,8
2147,0.22688935709481328,5
1613,0.226729258184054,5
136,0.22640761526027398,7
2142,0.22605949585661111,7
1524,0.22603985151793854,5
2291,0.22584307645396107,7
1685,0.22523366416985213,5
319,0.22515988275123236,11
2313,0.22515642415574397,3
1159,0.2248012703508229,10
452,0.22467566720878968,6
1079,0.22461529737858454,2
2023,0.22444133356524712,6
715,0.2241029722071489,6
975,0.2240728377901085,6
1745,0.22377471417723666,4
1370,0.22306571350739204,5
1270,0.22300293990152462,9
225,0.2229809452347346,8
1884,0.2229772060770392,3
2183,0.22296355267046664,12
1211,0.22197374849819715,7
1771,0.22194661511584846,15
1453,0.2218984366820211,8
2256,0.22178026136589002,3
1970,0.2215345923001621,3
2035,0.22129973262525598,10
843,0.220973515826584,4
777,0.22064005515803278,6
16,0.2204785560314905,11
1505,0.22036667168679194,3
2219,0.22027940431964982,12
2227,0.22016439660037457,7
267,0.2198637101394565,12
994,0.2197614287976608,13
856,0.21968563788677886,3
2381,0.21954169744378835,5
508,0.21915573386269824,7
740,0.2191159308343433,9
1900,0.21888047956427728,11
1091,0.2188793186027712,12
413,0.2188477450091752,7
1046,0.2187959130653901,10
1017,0.21875000050486032,4
261,0.21851586601554995,9
27,0.21847760480675066,10
1800,0.21844522991944676,5
2351,0.21824398109591406,8
1279,0.21741943379712017,4
1476,0.21713926821553475,8
2259,0.21610162074020056,7
1673,0.21565629527355268,8
520,0.2154441556333228,9
2319,0.21530509600255673,5
86,0.21524445477542198,11
224,0.21512644272298168,4
667,0.21512083088209452,7
787,0.2150055028481546,5
2364,0.21486341497888697,4
1020,0.21476413973420477,6
2302,0.21460647936749308,3
130,0.21441292115604899,3
1858,0.21386710849002163,3
1249,0.2137999702801659,2
1557,0.21308026753199694,7
2329,0.2127459632746542,6
369,0.21248001698658067,7
1775,0.21232395638326138,5
1062,0.21171338541139315,6
1706,0.2113012338107314,4
1326,0.21118954095854173,10
1254,0.2111807083151981,6
2331,0.2107162405218522,10
1767,0.21065245853585826,7
338,0.21056199334379447,12
793,0.21048535561747905,8
1204,0.21048356975697122,14
1951,0.2103433349691918,8
1462,0.2098305539139802,7
1973,0.2096183608375877,10
796,0.2094252966551727,6
232,0.20924198860119209,5
1,0.20902019230514038,5
2349,0.2089852169576131,6
1614,0.20895897246777365,7
2338,0.20894062036005653,4
1687,0.20876403378777958,6
2032,0.2087038798615431,9
1730,0.20820615122204159,7
153,0.20809427423426727,15
1563,0.20792153197887075,7
1873,0.20763548404461138,5
1952,0.20753862622312083,12
2205,0.2073897639495169,9
1101,0.2073685455786935,4
1709,0.20731874068957118,10
804,0.2072416729860134,3
1969,0.20697880021705095,5
742,0.20642898430188053,4
2013,0.20639528722365524,11
1388,0.2063565012060619,4
2273,0.2063184168388074,6
1033,0.20618209629882778,5
1838,0.20616543985714925,9
1975,0.2061460702872984,4
554,0.20611083824262133,10
1631,0.2060532999183268,8
1258,0.20602827041829658,4
1411,0.20593128585465514,6
706,0.2054465400136234,15
755,0.2053535097810601,16
689,0.20511416089932014,4
2271,0.20501164712657136,5
1985,0.20478890890512944,7
1627,0.20478307052556324,7
802,0.20466540415835638,10
1263,0.20433962504992778,3
139,0.2042898538764814,8
2278,0.20428963084783855,5
1372,0.2041584280785882,11
1366,0.20414785427221016,7
1640,0.2039960332874124,10
1217,0.20391578187934134,10
1851,0.20357311531364558,11
1674,0.20353905527731406,6
1223,0.2033266667384234,13
2316,0.20323525376910162,4
253,0.20319303477402173,12
2365,0.202981555880199,9
180,0.20295269401722768,14
707,0.20294387019310917,10
487,0.20286539914807247,12
2170,0.20278696630908508,3
2063,0.20249769960701217,9
944,0.20242391618520622,4
1300,0.20235873118594694,13
2178,0.2022705364148496,5
2361,0.20222788699669808,7
1885,0.20210679182806202,4
732,0.20202936426881957,19
1725,0.2020194035685301,6
2301,0.20169474412982838,4
1421,0.20164241984078524,5
1715,0.20144971936191128,9
1036,0.201192055971782,9
2162,0.20108052673576726,5
2186,0.20101168069220923,8
1054,0.20098891210802572,8
709,0.20080973954268888,6
2249,0.2006934674942511,8
2226,0.2006267307928605,11
2111,0.20057660826284643,7
107,0.20045290117134582,17
1371,0.20041482388875306,4
2064,0.2003921675591259,13
1940,0.20037195141405323,12
433,0.20032855005987385,11
1117,0.20031758616563652,9
773,0.20017900210611073,8
2251,0.1998145145623423,4
1696,0.19975703280685353,6
656,0.19967635276499923,4
733,0.1995959909307481,13
1690,0.1993888953745126,16
1189,0.19929849826118334,5
653,0.19908567055086676,7
342,0.1990185879531216,8
1805,0.19886589211752165,12
106,0.1988478298041842,8
1234,0.1985649927971187,7
1727,0.1985042405946319,5
1835,0.19842889727116078,5
1399,0.1984153996771496,9
844,0.19834165113141844,10
1570,0.19825043206355927,9
1281,0.19817052908855082,16
1596,0.19803355269365389,8
2151,0.19784796896637658,4
1049,0.19744984096804646,7
1166,0.19741582779297231,5
0,0.19715658317796933,9
1112,0.19702184751707058,10
60,0.1969930243617897,10
2220,0.19676341913264048,3
468,0.1967151142629622,4
1295,0.19646697403593397,5
497,0.1964063459806433,8
1704,0.196336856288355,7
54,0.19617585370616775,7
1193,0.19594146263207157,16
819,0.1959321567958105,5
658,0.19556309153413015,8
1212,0.19551106599008797,6
1220,0.19539621781367333,5
1769,0.19536780885329869,9
495,0.19533837280693328,11
1405,0.19529182337913953,7
973,0.19510082035947102,15
735,0.1941814206452737,6
453,0.19412857666494862,4
1519,0.19410782431294293,6
1992,0.19404324198518944,8
2112,0.19372976153121468,3
2097,0.19372556274863648,13
1172,0.19371789087503544,4
2149,0.1937178233407379,11
803,0.19335046540603945,3
1331,0.19278544881577603,5
2060,0.19277686155449733,6
1748,0.19267382996466054,5
1971,0.1925992854493539,10
576,0.19239881384569138,7
1850,0.19231776829366842,5
1954,0.19227010192940613,11
2357,0.19226121621465223,10
1797,0.19161144233154215,8
248,0.19154340062827502,12
1521,0.19154223181859842,5
703,0.19141819822935693,10
1555,0.1914163902683023,5
1030,0.19141032501493102,14
2141,0.19137198145247789,8
540,0.19111792441671588,8
28,0.19107868511408924,6
425,0.1909109751854362,8
2309,0.19085328136335428,7
1262,0.19081435531871205,5
1180,0.19078780673063653,9
2086,0.190734522991525,5
135,0.1906742471815227,11
159,0.19060152452946294,12
586,0.190516502253438,4
1209,0.1903850408483672,7
1344,0.19030809461557432,5
2127,0.1900872110058784,3
1943,0.1900555365901974,6
1031,0.19004988755792873,10
493,0.1900257381937296,8
873,0.18992886918712526,5
251,0.18985446764085157,5
579,0.18969106671193925,8
1182,0.18964036544812773,7
1073,0.18961585860588645,21
1174,0.18958315207528573,3
191,0.18947484534231152,17
346,0.18944864341314097,6
172,0.18936303695236834,7
1598,0.18935145922496316,11
1299,0.18934748031808343,7
88,0.18930110334779718,5
199,0.18922188087462763,14
1153,0.1891555337243865,11
1057,0.1886573298302153,11
2057,0.18840599693606136,6
898,0.1883669451302019,8
292,0.18815611174664654,7
2185,0.18813794228061317,9
75,0.18806769916595328,17
2225,0.18795307707270376,9
1804,0.18773531186165024,9
372,0.18764153674782955,4
1501,0.18758049465268503,6
1318,0.1875717787535258,6
1703,0.1875560725670528,9
2095,0.18743170585146374,8
1580,0.18729556599869385,15
1860,0.18723887034519243,11
942,0.18720899672061558,5
2036,0.18720726487443837,8
1190,0.1872005185355583,7
1354,0.18680404028886988,8
1502,0.186714910095863,10
305,0.1865310359035912,6
1118,0.18626620789767118,5
281,0.18624570360974854,6
2175,0.18622632814442483,10
362,0.1862260160026257,5
1290,0.18605590380110407,5
1337,0.18601965776475746,3
368,0.1859772923380751,9
899,0.1854366964493908,17
842,0.18534834945024437,8
2121,0.1851558460771941,4
339,0.18491602761893733,14
729,0.1849150863788595,7
610,0.18488494008267886,12
685,0.18486798098264443,5
2008,0.1848594882360587,8
122,0.18477427728329993,7
2236,0.18467141423916797,9
2228,0.18458166875064724,8
859,0.1844786913105862,6
1670,0.18445960128862315,12
1686,0.18438932865555763,4
2076,0.1842998128295075,4
626,0.18421730811244835,7
649,0.18421572302642694,7
1548,0.18418738002579862,8
459,0.1841466099811559,11
370,0.18412026840770862,14
273,0.1840030114193531,19
506,0.18387841515441045,4
1356,0.1838308985333884,7
481,0.18379748237947016,13
1459,0.1836300228712065,11
162,0.18356161917929395,5
363,0.18350485140014122,8
1908,0.1834438497582213,4
1907,0.18340175298061773,5
627,0.18330043104574273,10
440,0.18314861085483358,18
217,0.18307441861303012,8
1187,0.18306508384730608,10
55,0.18278406805505304,7
1124,0.18272117659045972,6
893,0.182662045197972,7
1240,0.18264111146266332,11
551,0.18262356398154098,7
1962,0.18259747962544273,4
1243,0.1823888443629704,7
1762,0.1823765091823995,3
1473,0.18225933847051634,7
1677,0.18223734710299894,13
638,0.18213929003830406,5
845,0.18211651769504977,5
616,0.18208084136337283,5
473,0.18199237450161304,10
599,0.18181707801039915,5
2207,0.1817202501431803,6
1093,0.18169263505546188,5
2016,0.18162806141972135,6
636,0.18160281527136257,5
881,0.18158930997759493,8
18,0.18145244975605795,20
2148,0.18141651203214967,6
1875,0.18139587604785037,4
1237,0.18139183415122,3
2254,0.1811694250843398,5
66,0.18111021711082673,8
102,0.18104736563736007,14
1383,0.1810370659818656,9
1441,0.18102912436537028,10
2253,0.1809719139178232,3
315,0.18091101573861162,12
1878,0.18068581449003254,4
277,0.18064197363947487,4
553,0.18041453767771198,6
2025,0.18039833416854395,6
945,0.18028575611526895,11
1517,0.1802166696372824,17
475,0.18015684570733737,11
1481,0.18010740033444494,12
1096,0.18010236336995783,9
58,0.1800719512312953,6
645,0.18000740311649194,10
920,0.17992137621415424,11
1799,0.17975039983106778,10
2213,0.17970498919724334,13
2099,0.17965577209872519,12
309,0.17956426651905674,8
1491,0.17945686157552468,7
790,0.17940662765010235,4
74,0.17937295998584551,11
2224,0.17922435791607377,6
210,0.17917065397492501,10
1246,0.17914592098466667,8
524,0.17903548152284693,3
1324,0.17884997351721665,11
1553,0.178649882010577,5
1131,0.17862159312749412,3
471,0.1784841883942126,9
1996,0.1784080684683401,13
2265,0.17819399577045084,3
2240,0.1780134568018335,6
1268,0.17780622319693046,4
460,0.17753692999884102,6
1385,0.17737830151397357,10
1097,0.17734724459677803,11
974,0.17731795104638975,7
1297,0.1772520356290936,4
1735,0.17721091768098127,14
2044,0.1771898412688356,7
2363,0.17714961443392058,7
41,0.17714407826735665,9
1369,0.17695579643620626,5
255,0.1768930027707228,5
166,0.17630538109309704,12
1050,0.17626455698027294,18
73,0.17588695547996805,8
442,0.17584091037313526,11
1941,0.17581857552751073,9
1402,0.17573615571700751,6
1579,0.1754817039251952,4
2085,0.17532004096626733,6
2275,0.17520419818850747,4
1874,0.17517686301956553,8
928,0.17502867264888727,9
1603,0.17493912581325957,7
619,0.17460217632034836,3
2246,0.174453366727654,10
1536,0.17438998182070997,9
424,0.1743306896833776,10
1806,0.17431073861490853,11
1403,0.1741314199978635,5
2376,0.1740570302694815,2
247,0.1740533685931178,6
381,0.1740104546922373,6
2022,0.1739657349063997,3
1795,0.17389274219936066,5
1186,0.17380908376965915,10
1546,0.17376164594022042,4
726,0.1736422826718807,10
1658,0.17354376641543803,6
1642,0.17345368358443353,7
698,0.17340038039022185,9
1432,0.17335501960691838,14
2200,0.17323870311058942,12
606,0.1730952536175581,6
1854,0.17304137203277012,7
1384,0.17294210336710786,13
1012,0.1729368164531052,5
1355,0.1728478947417691,7
2167,0.1728419926119633,9
183,0.17279836278110167,12
486,0.1727300654781403,12
388,0.17261927059949234,5
19,0.1725125378635008,6
2030,0.17250159177519842,11
441,0.1723932263034374,8
140,0.17224327177985974,9
2306,0.1720714034714343,6
1454,0.17206174021993195,5
380,0.17197787445767215,6
1386,0.17189020317578926,7
421,0.17164801068835003,7
204,0.17151338549740064,8
1754,0.1714976991960771,8
1697,0.17136354658457686,7
1486,0.17096728174236225,4
423,0.1708772026515698,5
1534,0.17077053799090075,6
885,0.17070241320764215,13
271,0.1705906085947911,6
979,0.17056506739712587,10
1948,0.1704812392427318,10
673,0.17043898105961555,10
1845,0.1703780159504663,6
2198,0.1703565859591147,6
2050,0.170339113621685,11
959,0.17019579361416734,15
99,0.17018340328824658,12
794,0.1699005488501097,9
1950,0.169759619343935,7
1939,0.16969895229089882,12
1003,0.1695578236588228,10
5,0.16953082873896225,12
516,0.16948559236495012,9
792,0.16943922520219037,7
2143,0.16941174454741442,7
361,0.16939647793165655,12
3,0.16936677100620023,7
780,0.16925831847692827,6
1359,0.16912455546643498,9
68,0.16909678657423308,12
1313,0.1688107470876224,7
1678,0.16869667804302466,12
894,0.16857858387077987,18
1360,0.16848062858646976,12
158,0.16847034889442497,10
1659,0.16840564055222224,5
679,0.1682960875584278,11
747,0.16824592807831587,9
1931,0.16805516808570461,9
63,0.1680226630097039,12
2078,0.16795958543425032,11
276,0.16794955250930724,7
274,0.16791221285604527,12
2233,0.16756696487863706,6
53,0.16750065461123434,7
39,0.1674830693552329,3
1022,0.16745058225587175,4
1870,0.1672436424721972,3
2342,0.167159438216177,8
236,0.16712425900016084,9
2070,0.16699619682682296,8
1273,0.16688523036297975,12
620,0.16679397182253122,9
1232,0.166666929529635,6
1911,0.16643308113864744,4
1238,0.16641197661982624,10
1064,0.1663017058498566,10
568,0.16621430083011066,11
96,0.16618152855024648,3
818,0.16618056068329784,10
1691,0.1661352510171659,7
988,0.16599141322248476,5
22,0.16585006842656522,10
1345,0.16582045052462027,9
578,0.16574004872419862,10
219,0.16573448659535234,26
778,0.16567052030361346,7
2139,0.1654247288458113,7
932,0.1653843671397616,8
1066,0.16514864394242038,7
2335,0.16511933515878854,11
335,0.16505756827848697,6
1726,0.16487819193168607,8
2132,0.1647509354333184,8
244,0.16442386172770526,9
2090,0.16416560994422277,11
1607,0.16403753539762173,6
643,0.16401365338789492,7
81,0.16366381368954352,3
1681,0.1636467277664341,9
2290,0.16364326077721042,7
2252,0.1636366351977995,2
84,0.1636096141924439,7
676,0.1635956016333237,8
352,0.16351699575767883,6
989,0.1635046549066312,12
2052,0.16334370780527196,10
768,0.16317582268021796,8
1978,0.1631621333185146,5
2018,0.16272210075742918,6
1210,0.16265682532431333,8
1199,0.16263583869278422,6
648,0.16262922045449646,15
279,0.1626286406773747,16
1930,0.16258174823791488,8
1701,0.1625679718900934,15
1431,0.1622374547232865,6
1719,0.16221993521690065,8
1206,0.1621141328323026,6
1657,0.16202314071924984,11
1955,0.16194602078892448,6
209,0.16194016453262378,9
631,0.16183029441163102,6
1794,0.16166430911869742,5
564,0.16150540428889676,4
1284,0.16145357047485023,14
1128,0.1614304506154302,5
52,0.16141218522460823,7
1983,0.1612505632372591,6
1926,0.16112477697964747,13
2108,0.16101953572982872,5
518,0.1608245152869182,14
1452,0.16058783171221036,5
1694,0.1605252790542962,10
2069,0.16034663582676792,7
635,0.1603449735503071,5
1901,0.16017639777775144,6
395,0.16000719446205294,6
2312,0.15957540143240379,7
193,0.15946356916567683,12
1051,0.15927145640888318,5
299,0.15923427721765576,8
1827,0.1591728013812058,2
1306,0.1591426800001933,10
1353,0.15886020261996397,8
2208,0.15873070290662064,10
1221,0.15871031449608833,9
2134,0.15865100932599702,4
502,0.1583344855199407,4
575,0.15813629177963287,12
767,0.15803231597905876,11
1137,0.15774590680702683,3
67,0.1575394683330976,7
935,0.15752442590691873,10
2355,0.1574862148282724,10
2009,0.15738856454085862,10
2367,0.15705863546139218,4
401,0.15705600976807574,8
1427,0.15683681417390258,9
865,0.15666413013649988,12
358,0.15623475744895216,10
448,0.15615330302901279,7
1393,0.15614586616945525,7
828,0.15602080861114437,8
1307,0.15582914328859532,5
1890,0.1557108101275275,5
1103,0.15570619663996815,17
2113,0.1557058537541315,8
674,0.1555714434188834,8
1680,0.15547417307093614,10
1471,0.15540929364714665,5
2100,0.15540780110924507,9
1934,0.15535432003306934,8
87,0.15534262474811497,11
349,0.15525798788958778,8
1362,0.15515469363917375,12
769,0.1550571989407109,5
1387,0.15503421409733575,13
1667,0.15494086178835004,10
1076,0.15456410315434685,7
128,0.15453846745073505,3
1668,0.15452487371015045,10
581,0.1542024445973182,4
2173,0.1539751171464252,10
1558,0.15374714803215464,9
69,0.1536054008958603,6
1846,0.15356954492591698,7
2104,0.15332653874661253,3
1493,0.1532363505100824,5
2049,0.15277677957530159,6
836,0.15271226669408555,12
1821,0.15268203890430332,2
2011,0.15264778771858212,5
384,0.1526272877680585,13
1998,0.15260349545142235,13
1739,0.15226834335788514,4
1887,0.15226179898933817,7
1702,0.15208537836143568,8
548,0.152051807690598,6
288,0.15201441529265203,7
1222,0.15189967535742896,7
1342,0.151892970794276,5
42,0.15187354155731525,20
174,0.15186250290034484,14
2154,0.15180570484165684,6
1947,0.15170407789904042,5
1743,0.15146588532711866,10
701,0.15136218027843884,3
1895,0.15131498225076345,9
1276,0.15122086672774512,6
1198,0.1511647375972206,3
1214,0.15110169345384827,6
924,0.15105429287429498,8
704,0.15086326052170868,9
1823,0.15080976685331055,8
1712,0.15080960587195977,6
134,0.1506716693908242,4
1160,0.15049272712353984,7
2179,0.15043016042307708,18
522,0.15042553899461691,12
2128,0.15019153312976385,7
2286,0.15010632885703754,9
467,0.15008271444572016,4
215,0.14999996676990143,5
2284,0.14997091321021272,4
2318,0.14972457345572915,4
2366,0.1496647990901142,13
628,0.14956459313857792,5
355,0.14955353134033147,7
278,0.14954034960981974,5
211,0.14948159743017522,6
2244,0.14947727540670622,5
806,0.14941419250320695,8
521,0.14934255386119405,9
2307,0.1489956568046374,13
665,0.14895960492331048,10
2107,0.14883784174570247,4
976,0.14877245202759,7
1780,0.14859720828219597,13
323,0.14858519278032467,11
2269,0.14857230571302532,19
1764,0.14850136011821505,4
2184,0.14847879359541494,9
478,0.14846264856605382,5
12,0.14836904829347533,9
833,0.14834428427317714,9
436,0.14829008614289524,8
117,0.1482479751754423,10
986,0.14804421327492778,9
600,0.14803146676612405,7
1110,0.14784735164849352,2
366,0.14774850249789068,8
269,0.1477341007530213,6
161,0.147533859704745,14
1647,0.14745060532830392,16
391,0.1474205740676657,12
351,0.14736940375503244,10
474,0.14736617547516834,11
407,0.14716020163611146,12
1707,0.1470720190484444,6
300,0.14697721483171894,9
1334,0.14696683255775916,6
1116,0.14696031772190815,13
1803,0.14692713768579682,12
800,0.14676073208179208,20
249,0.14659310859761107,7
546,0.146581838642195,13
1377,0.14655181217042473,6
411,0.14633695360826549,9
1692,0.14614005113151762,10
1325,0.1461236479270686,16
1451,0.14611245841707265,5
1133,0.14568998491400229,4
1638,0.14545037690893586,7
962,0.14538706926073833,7
1496,0.14536942140553555,10
900,0.14525236971865674,14
2115,0.14516465180390248,8
2118,0.14505959306103391,5
2163,0.1450456714911222,7
2274,0.14481408331018777,6
1363,0.14469056242055325,7
385,0.14467521837089295,5
692,0.1446746282466404,4
1899,0.14464465114299405,11
1285,0.1445372218177167,5
295,0.14448906647309306,6
1436,0.144471339530504,4
534,0.1442311359202181,8
1458,0.14418353629612848,3
996,0.1440052588449063,11
1406,0.14391317161770667,10
2314,0.14367100433295638,12
427,0.14350243013187597,11
1879,0.14333233390149513,9
654,0.14320960992247467,11
131,0.1431797767285453,14
1796,0.14288660026316596,4
143,0.1427178188459179,9
2001,0.14270593550950794,3
1594,0.14258964534692023,4
1480,0.14228388018495003,6
1440,0.14218410122260655,5
2156,0.14215935577647887,7
2028,0.14210367369600196,6
1146,0.14192751337087847,8
1165,0.141849640506656,11
2272,0.14183387380729376,4
853,0.14163573223997794,7
469,0.1416341760262375,11
1810,0.1415807465400379,4
259,0.1415763087223865,13
1867,0.14135858897017475,5
256,0.1412653777172681,4
1135,0.14121180934642122,8
890,0.14105113044037262,10
2288,0.14077927651103667,6
1893,0.14073588560583056,5
2015,0.1406606605698447,9
409,0.1406401582742437,5
2330,0.14047426668586238,10
1289,0.14047051576185535,7
786,0.14028025530132276,3
2308,0.14024616555142705,7
324,0.1401650980088202,4
906,0.14012347989486837,12
720,0.1400858434075451,6
1675,0.13951804858725322,11
1330,0.13945336696850996,3
10,0.13942340664868696,7
1750,0.13940977240942024,4
1986,0.13903213127126482,10
1816,0.13877288080133282,6
736,0.13874467131850834,6
2117,0.1386919808410848,6
1139,0.1386800487074824,10
1229,0.13865328167392293,5
728,0.1386465663294482,11
2106,0.13857942358734937,13
1564,0.138558766827114,16
770,0.13850889769723285,6
2303,0.1384671972057004,9
7,0.138420376820131,5
359,0.13838204276702226,10
1132,0.1383294301696619,14
2359,0.1381023362185977,10
1621,0.1380878075457497,8
1463,0.13783221353282643,3
2073,0.13778546179167575,15
258,0.13775588621581858,9
2159,0.13771973967583576,7
980,0.13767419281921378,12
2217,0.13759939297758045,3
1348,0.13751505342946246,6
1578,0.13751035928519562,13
933,0.13750184141738567,6
2087,0.13722891005676133,9
864,0.13722636081853432,5
218,0.13716837739041846,10
2005,0.13705652923221337,9
1765,0.1369261272742052,7
181,0.13690277364156045,15
1395,0.13683739366170755,10
111,0.13663684366008755,7
1026,0.13621096616979933,3
1400,0.13616863922043215,5
360,0.13593204945874557,8
2323,0.13588720455331602,10
155,0.13586129592783724,12
2089,0.13583452839850313,6
2120,0.1357610712606876,12
1511,0.13560606424550486,4
1339,0.1354795942189476,4
868,0.1353364148078247,10
1984,0.13531040087432414,11
1225,0.13515006625690976,6
1175,0.13511744237380885,8
2339,0.13501987491795586,6
2125,0.1347240885753102,15
1815,0.13463685065870534,10
593,0.13461275183441468,6
36,0.13451652766007044,7
1576,0.13446029375749313,8
2321,0.13443453771090697,8
1029,0.1344283546746315,9
78,0.1344132878457709,12
943,0.13427277789989503,8
1968,0.1342421603084559,5
529,0.1340694780754304,12
429,0.134008389235128,6
1669,0.13396211623532206,11
314,0.13387472983990675,4
1961,0.13387219126538408,4
333,0.1338049960127124,4
1830,0.13376128771409565,9
1571,0.13371805959937058,16
1171,0.13357656683157276,9
2344,0.13352948693366914,11
570,0.13336806127107942,9
825,0.13336293955414008,14
1742,0.13333782030216776,11
1288,0.13309242254061754,9
1645,0.1330489298756376,9
1615,0.13291521798060446,7
668,0.13282788299240855,12
2043,0.13278878740901578,4
61,0.13276035901239458,5
90,0.13274716185828322,9
1855,0.132601764689443,10
1988,0.13238705265273698,8
2101,0.13234883434481365,5
1883,0.1323473488658771,8
1417,0.13233274612566523,5
1105,0.13224160247651806,11
1892,0.13199881427614396,6
716,0.13190989652673638,12
264,0.13164833908312104,11
179,0.13163232010224996,9
2088,0.13156939410797824,8
435,0.13152266354259223,10
494,0.13146876952649758,14
1376,0.13135733876671718,11
1997,0.13130987344262038,6
1396,0.13114287442377243,5
1610,0.13111424146306647,3
683,0.13106810125570642,13
1001,0.13063427877175868,9
472,0.13062285803887297,4
1367,0.13050475793166932,10
875,0.13037399076340697,11
1812,0.1303412987306768,6
2031,0.1301560331559204,12
1328,0.13012332438594576,8
462,0.1300962289485873,7
507,0.12991360193208448,13
846,0.12975078321405734,5
2174,0.1294674156441345,9
1840,0.12923529003924203,5
2341,0.12915929068649973,10
260,0.12913648102816128,7
1415,0.12901716036222352,5
1839,0.1288040009166468,8
1203,0.1287680883345294,11
2034,0.12876475806486165,8
2354,0.12869191757332216,11
2222,0.12865861362158884,5
784,0.1285498625500414,4
197,0.1284447732253236,7
1088,0.12837459244358787,10
1539,0.12829124334633366,9
2033,0.12825051155758302,7
2237,0.1281711088108658,10
1380,0.12807055100719866,5
2380,0.12785333365295817,14
647,0.12775351611912164,9
2071,0.12773365114457874,8
978,0.12770059821181495,7
914,0.1277003601560346,6
2250,0.12742688713147146,10
1154,0.12734647904956672,9
738,0.1272665999751471,5
95,0.1272298091760869,9
2242,0.12683703074045508,8
383,0.12655506824049734,13
1832,0.1265536070378373,6
1809,0.12635871540369034,7
2277,0.12621258602627417,5
937,0.12617047885292504,4
2024,0.1261000157377834,6
596,0.12605787558273457,6
1037,0.12605731345241292,11
2283,0.12592235565073187,16
1972,0.12582885806876237,7
826,0.1252851223809242,12
536,0.1252642917083366,8
857,0.1250572956404742,5
1684,0.12505385353601559,6
513,0.12504303706647343,5
116,0.12502419326472067,6
378,0.12490512512168221,6
1106,0.12490170825902613,5
241,0.12467195990056876,9
791,0.12465305951114644,10
1937,0.12463438317985666,13
2082,0.12455978884379271,2
1761,0.12439082968133998,6
1734,0.12428053957619298,6
2027,0.12421908176817983,6
240,0.1241802977084107,10
951,0.12416550603239346,12
1121,0.12382321543883623,4
727,0.1238171167738605,6
1467,0.12377429116525593,6
1482,0.12367632052386954,8
148,0.12366071710672617,11
1338,0.12364308563109933,8
2293,0.1236315529478026,6
2231,0.12361395346824539,2
983,0.12348673413804975,7
1336,0.12346045445429826,9
64,0.12331949234272142,5
178,0.12318952962275055,10
296,0.12314563185355462,8
1194,0.12309491868468608,4
1287,0.12298201324167962,9
1419,0.1227582981298419,11
1758,0.12264906266174563,5
1509,0.12253481916505829,12
1472,0.12232131115069014,6
1184,0.1221430008672255,5
1010,0.12203426376287226,5
2377,0.12194507016816855,13
605,0.12192841343259758,12
731,0.12182700496694407,12
684,0.12176540902497274,12
1589,0.12169634237066654,8
2084,0.12161569154006524,6
1099,0.12151731620595627,13
1960,0.12146376376062135,6
2187,0.12135827487258492,15
514,0.12129829586498124,11
863,0.12094237614003053,11
1072,0.12079573555983966,8
2068,0.12073224793719621,8
1508,0.12068902271636138,5
318,0.12059368336645461,13
1693,0.12059077354948075,8
59,0.12043081643538739,9
1700,0.12039490358792007,8
815,0.12022949993324675,4
1264,0.12022074956127299,9
1958,0.12020474428281837,9
2305,0.12017626117757142,8
1617,0.12003253171352626,2
1009,0.11997399716655255,6
2176,0.11996537370689002,7
754,0.11988679961987486,14
958,0.11961763547413232,9
1015,0.11953060486359438,8
505,0.11936657770715126,13
761,0.11936421751448761,4
1428,0.1193376906698221,6
1776,0.11912334432297084,11
1729,0.11904693785779583,6
680,0.1190187925485599,7
2362,0.11895243646051486,7
867,0.11894929913334215,10
2320,0.11886528652439476,8
1710,0.11872688245751742,11
1444,0.11871194167864768,6
1191,0.11836353211206187,11
1749,0.1183404883846284,6
2289,0.11800556054898476,5
1717,0.11791159320938359,13
734,0.11790352662037934,13
765,0.11775193691611965,11
56,0.11771383167914687,7
2294,0.11751195688352896,12
1314,0.11742108301350346,19
2327,0.11731728238119775,12
2046,0.1171771469634465,7
156,0.11708519456785699,2
681,0.11697243377853356,10
2040,0.11679694660479752,5
2058,0.11679173178957011,7
444,0.1166961306312801,8
671,0.11653264182215345,5
1035,0.11639799188083227,5
1605,0.11632096457629287,6
1409,0.11630170428014756,14
1250,0.11626341125421397,11
213,0.11601591253793417,9
694,0.1156595386060088,6
911,0.11561292150758934,6
1781,0.11553631143936888,6
1634,0.11524096633392768,4
2311,0.11485927474740298,8
48,0.11467655312003945,10
2059,0.1146605875497167,7
1746,0.1145912403956624,2
967,0.11443647734059999,4
1568,0.1144264745552666,10
175,0.11439066920039881,13
375,0.11427930615197922,4
2137,0.11413533049041405,5
465,0.11383698426343472,6
2077,0.1138095051720515,9
2261,0.11372401086917822,5
1619,0.11347095641084178,6
544,0.11328439341766364,10
739,0.11305014636368273,20
212,0.1129638758648198,9
1774,0.11290119069442223,4
1414,0.11278395660572603,11
2300,0.1126854147459723,7
2360,0.11262617456001968,5
1629,0.11251174148165792,9
2202,0.11243298804987398,16
2346,0.1122207136870553,8
2105,0.1121511158533732,5
1888,0.11209684705484929,13
938,0.11182401489401868,5
480,0.11169752785583323,9
837,0.11161395220097027,8
257,0.11159305258821489,15
2048,0.11120305715859359,5
948,0.11098945264515106,15
1847,0.11098798988259846,5
326,0.11072881251349852,6
2116,0.11031193689641933,8
1904,0.11027279962009937,6
2169,0.11023568486538603,11
2276,0.11022188944547195,5
1964,0.10993405712485123,5
1545,0.10988305336402335,9
2140,0.10980228665900785,6
1192,0.10969325482588382,10
1921,0.10954456794301305,5
238,0.10939012373104776,10
757,0.10937293086785055,8
2041,0.10930818006686535,5
1498,0.10928468029363746,7
1412,0.10918434159548468,9
170,0.10914172399159872,6
464,0.10898845796385914,13
1492,0.10856506610795048,11
2158,0.10843980295836436,5
2075,0.1084220943603575,7
950,0.10834872881652077,9
1197,0.10829469064242583,5
1989,0.10828350453889014,4
171,0.10824508195769791,6
1945,0.1081424574134584,9
810,0.10786418334574159,4
1588,0.10784247782041048,9
1143,0.10782514381130755,3
1869,0.1077324320092235,14
499,0.10732897293909605,8
925,0.10722059521642503,5
1122,0.10716848313090367,6
909,0.10708546830909,2
1718,0.10689498411373348,8
1843,0.10683991933298445,5
2164,0.1067950943751093,4
550,0.10676234964215872,11
993,0.1067201809999909,4
105,0.10654286307492078,8
322,0.10612690523542812,13
1713,0.10544285478849577,3
1661,0.10520503534896058,5
2199,0.10498353225253024,4
1542,0.1049026522577464,15
663,0.10475616148369249,4
1980,0.10450231769563689,8
2094,0.10445569348065634,13
904,0.10423988148891898,5
34,0.10389668481340869,11
1082,0.10385142930734403,10
1019,0.10383210937446222,12
1582,0.10379817110475931,8
1981,0.10351751278098886,9
1587,0.1034571847543359,3
405,0.10338400974535394,12
289,0.10294754083812951,9
1456,0.10289352145773452,5
1644,0.10284815361270161,9
910,0.10253342225234639,13
2241,0.10252236735909176,11
672,0.1023099354517484,4
1315,0.10218370513274734,18
552,0.10213977798815518,10
2369,0.10188638759196077,12
350,0.10188437454977507,4
759,0.10161159422735283,3
623,0.10150643911911841,2
2267,0.10141655580774472,6
2081,0.10130297713126073,5
2138,0.10126993335183306,12
886,0.10120886269476476,8
2061,0.10066980388477743,5
2172,0.10048423708707657,3
243,0.10045645370047177,6
2238,0.10033413367956309,7
2268,0.10029463169850188,7
463,0.10010747802023912,9
1628,0.09998419777848747,6
386,0.09996331041689183,7
1253,0.09990837776485068,5
1260,0.09979031326455064,6
2264,0.09929846512540741,4
1535,0.09920699297106567,13
20,0.09914664408810084,6
2189,0.09900644091036662,16
1445,0.09883189077388183,8
2092,0.09880377987031119,5
347,0.0986084360927632,9
165,0.09821878829306273,10
2056,0.09819985042506843,3
1320,0.09812227209971539,13
2334,0.09806984387766438,5
1301,0.09794832822752168,7
302,0.09791576225339718,5
1741,0.09783899952222042,9
1620,0.09750712270252233,3
1488,0.09747753469558676,14
1424,0.09733385038023248,17
597,0.0973141979775348,12
1757,0.0972280904668287,7
573,0.09711517251673715,7
1113,0.09707944585728318,10
2333,0.09663582507759363,3
1773,0.09633956004509142,8
1450,0.09575191549590703,9
1439,0.0956656111566998,9
949,0.09561778185030771,9
1442,0.09559741067256933,8
1085,0.09542228068273789,11
1721,0.09522998837496849,4
1653,0.095220786369727,10
1831,0.0949683079157837,11
1261,0.09495603727346479,12
345,0.09489092690321457,14
400,0.09487021777188652,10
109,0.09476877173752546,11
1000,0.09473305004559338,3
1014,0.09467122654679619,9
1636,0.09461249520425988,12
1208,0.0945926009676202,17
1460,0.094566548312657,5
1230,0.09437254339657891,13
1550,0.09437148124714974,7
1357,0.09418352325589298,5
1736,0.0938695612370999,7
1755,0.09380711195740676,8
1156,0.09370559758687022,4
1024,0.0936813393766813,9
832,0.09360067106988801,10
1422,0.09326911477638483,9
1167,0.09289311657348398,5
364,0.09277767390202245,10
1956,0.09239581503586354,18
1485,0.09226653940303461,13
97,0.09211820467339753,5
968,0.09186349109992184,8
33,0.09183800402033197,8
149,0.0915944827095175,9
812,0.09140274270111523,3
693,0.09125317630706536,9
1011,0.09065504460730436,6
960,0.09063245571490669,9
1126,0.0905256326070717,5
1766,0.09051978961188364,13
614,0.09038867315237278,7
1577,0.0900466476773443,10
2248,0.09002359209555527,5
1390,0.08936829551878901,11
132,0.0893526142880002,5
234,0.08894464456768869,6
1624,0.08870874344637578,4
2382,0.08864527545696427,3
396,0.0885284989243747,12
1965,0.08822705148499647,9
94,0.08813532543906812,11
941,0.08811012014444353,4
934,0.088068520034277,7
743,0.08803644832657707,9
2378,0.08785978895151696,12
517,0.08723497076701855,18
1914,0.08691680661389285,8
955,0.08679478743406345,7
1378,0.08675949161685173,11
119,0.08658680069135417,6
1699,0.08618578216796827,9
2282,0.08596283621295095,14
2337,0.0855359580787417,6
1271,0.08550347547278905,7
1711,0.08486938106446074,5
501,0.08483446750678136,6
2136,0.08473331446324754,4
376,0.0846554284031895,5
89,0.08459853260821312,14
2012,0.08414167121587841,6
1283,0.08407832131349448,16
1008,0.08394048814147961,6
1929,0.08384611855703492,7
838,0.08339284051534397,10
491,0.08324848937633489,11
1932,0.08319929673554402,12
2103,0.08300858608391878,11
1872,0.0829953942012869,9
776,0.0828813556197467,4
1859,0.08286227592223466,7
808,0.0824665597722592,5
91,0.0815923422123635,10
1724,0.08147939063039475,8
57,0.08113177568424738,12
201,0.08106209413455555,11
125,0.08104391552621819,15
2074,0.0807739231750792,7
1753,0.0804548906949171,12
1506,0.08044637637397611,5
1490,0.0802306027765149,3
1233,0.08022178412417295,3
340,0.08021594439107227,10
2093,0.07961039742583013,11
1266,0.0796075314454648,4
268,0.07902990609349185,9
1077,0.07823150198539972,6
1002,0.07822957414306106,13
1565,0.07792081301253623,9
664,0.07783828058375253,16
1602,0.07661770247155784,4
293,0.07660699367007884,6
177,0.07657715703701738,9
1041,0.07615806973422193,5
2263,0.07598273000388273,6
1593,0.07596032971436517,4
2188,0.075727978254707,9
1561,0.07540517164633617,5
1683,0.07509521318179513,4
1566,0.07469880844872111,10
607,0.07441546857217138,2
1928,0.07438843890052621,6
432,0.07434387718995311,10
1410,0.07426903316199165,9
1837,0.07327479370618437,11
561,0.07206403576584698,7
1317,0.07197549545635512,7
1723,0.0716744970322131,6
2295,0.0713003878148024,6
283,0.0710929740756634,12
566,0.07035083860147419,3
1991,0.06944042385269097,7
2109,0.06929232971111607,3
2037,0.06921102541902013,8
485,0.0688410984664484,2
543,0.06870224791607807,5
35,0.06835735618864613,4
24,0.0681349898956731,6
969,0.0680758137049076,8
2257,0.06742466913071647,2
168,0.06712980986640579,17
483,0.06679415439732048,21
1275,0.06626342859023274,6
112,0.06620833477792214,16
416,0.06601331989352935,3
1527,0.06556945966563611,5
1420,0.06498796614873756,6
152,0.06394607063176418,7
50,0.06365387408904163,4
1990,0.06299678623413804,5
1935,0.06208799661596415,7
2204,0.06207697810333544,6
1779,0.061971557505942965,7
40,0.06173870688867922,7
242,0.061686501653162105,4
1915,0.060653780998896754,5
2201,0.060203369450198836,7
2209,0.059105460404942425,5
917,0.05782261505464592,9
2026,0.05721168290661819,8
1906,0.05694902852175003,4
1942,0.05692834379852923,8
2235,0.056832082391364516,8
2160,0.05643802894544718,8
1305,0.05595817141566174,3
44,0.05586793461837125,4
1102,0.05569599673067608,6
26,0.053395961685405086,6
2019,0.05324413776537507,9
1938,0.053100718498845866,4
142,0.05159145242370694,5
1897,0.051348605901367424,3
1849,0.050620077164076765,6
1514,0.050457393407810525,8
852,0.04964473977230498,4
2177,0.04921579805185173,4
1682,0.04896478697391481,7
43,0.048734394039008894,10
574,0.04742676621226752,8
2119,0.047104215893343834,4
995,0.046989620857046104,6
1277,0.04646771979511566,5
1650,0.04375700963763693,2
889,0.042883548157902684,4
2144,0.04049353920330581,5
590,0.03611905482116666,2
1455,0.0327984874961607,3
1543,0.03194346759076039,10
957,0.026686976983325547,2
2348,0.026634128704220765,4
669,0.024003918049155748,20
2124,0.022595365801064596,2
1936,0.019837076666791003,4
1236,0.01980511677024372,2
1643,0.01645383132721147,8
21,0.015882036941575278,6
151,0.009955829243138536,9
200,0.00989049230347325,4
2372,-0.004548562155060019,15
2150,-0.007136306104014729,5
545,-0.007721280137071823,3
872,-0.008211950187915582,4
489,-0.018746470127866163,2
1489,-0.02846915105074692,6
382,-0.053027930537060335,13
1170,-0.056807037056651355,8
492,-0.06594484449063798,8
1487,-0.07241858863187525,7
173,-0.07480928675568009,8
1569,-0.1232689293722478,6
176,-0.1502961706151081,5
887,-0.1623406081234571,7
1671,-0.17160115453825223,8
2262,-0.20934234383279507,8
1637,-0.35831246602728956,6
849,-0.4272641320237488,5
1347,-0.42900076482206784,5
830,-0.4901624625401083,3
1922,-0.4908820223305862,3
1433,-0.49112723955258286,4
1740,-0.4915805645450487,4
531,-0.49163539533054823,4
848,-0.491693131016658,9
1346,-0.4917633249650808,5
1902,-0.49195278992765545,11
1018,-0.492282880538532,5
1528,-0.49260809379734005,4
1248,-0.4926724116757802,5
1651,-0.4927389651749875,5
831,-0.4929324622537649,5
14,-0.49318385290877975,7
1923,-0.49334241895899883,2
1652,-0.49340373882203636,2
1903,-0.49341996352787343,6
530,-0.49384232944911877,8
562,-0.493904342615167,6
1434,-0.49484879464352327,3
1115,-0.4954455166300873,2
1080,-0.4958054940725483,5
1114,-0.5009546444529595,7
455,-0.5233989332169346,12
