Motif_id	Feature_1	Feature_2	Feature_3	Feature_4	Feature_5	Feature_6	Feature_7	Feature_8	Feature_9	Feature_10	Feature_11	Feature_12	Feature_13	Feature_14	Feature_15	Feature_16	Feature_17	Feature_18	Feature_19	Feature_20	Feature_21	Feature_22	Feature_23	Feature_24	Feature_25	Feature_26	Feature_27	Feature_28	Feature_29	Feature_30	Feature_31	Feature_32	Feature_33	Feature_34	Feature_35	Feature_36	Feature_37	Feature_38	Feature_39	Feature_40	Feature_41	Feature_42	Feature_43	Feature_44	Feature_45	Feature_46	Feature_47	Feature_48	Feature_49	Feature_50	Feature_51	Feature_52	Feature_53	Feature_54	Feature_55	Feature_56	Feature_57	Feature_58	Feature_59	Feature_60	Feature_61	Feature_62	Feature_63	Feature_64	Family_label	Cluster_id
5O60_A:238-244_252-257	0.031166	-0.218045	0.211147	0.032916	-0.002137	-0.004446	0.068713	-0.024772	-0.029201	-0.063718	-0.152043	-0.065531	-0.145204	-0.035168	-0.191471	0.07204	0.015316	0.061146	-0.103226	-0.145848	-0.029274	0.029569	0.128241	0.060177	-0.207932	0.015468	-0.054127	0.1187	-0.047711	-0.047306	0.0027	0.163273	0.002294	0.018966	-0.123571	0.058994	-0.057149	0.100461	0.120256	-0.043628	0.104155	0.153871	-0.133126	-0.156672	0.123131	0.352984	0.019095	-0.168718	-0.019659	-0.108796	-0.067424	-0.015313	0.053192	-0.089228	0.037209	-0.155794	-0.031333	0.238501	0.166354	0.040187	0.087659	-0.108955	-0.1077	0.104686	IL	5
3J2G_N:407-414_425-431	0.120582	-0.007506	-0.059227	0.11272	0.203704	0.094554	-0.046033	-0.128466	-0.091261	0.105481	-0.146446	-0.145997	0.202809	-0.079045	0.137196	0.154319	-0.026559	-0.144287	0.137296	-0.113595	-0.007207	-0.16073	-0.048697	0.185207	-0.17284	0.036769	0.017799	0.030564	-0.031126	-0.17893	-0.167494	-0.010846	0.183932	-0.037434	-0.108516	-0.045542	0.072244	-0.119867	0.164029	-0.039807	0.002956	0.023876	-0.0427	0.065851	0.180459	0.112875	-0.011551	-0.021103	-0.082218	-0.03369	0.014562	0.081056	-0.051943	-0.218707	0.217019	-0.134679	-0.129329	0.151423	-0.026313	-0.14256	-0.046595	0.041469	0.105436	-0.106876	IL	2
7JT1_1:1352-1354_1375-1378	-0.073828	-0.058596	-0.159893	0.148861	0.177504	-0.282279	-0.146209	0.183619	0.003324	-0.109423	-0.025195	0.252695	0.156788	-0.003002	0.145456	0.195011	0.134695	0.032889	-0.144955	-0.148259	0.020369	0.215199	-0.237015	-0.053691	-0.058403	-0.073602	0.060884	-0.146831	0.03996	0.047066	0.03094	0.189275	0.0936	-0.416714	0.022995	-0.007147	0.438853	-0.198308	-0.003308	-0.100376	0.04532	-0.110935	0.119219	0.010548	-0.034488	0.10825	-0.233984	-0.074931	-0.099315	0.038777	0.006175	-0.291226	0.072797	-0.398235	0.172462	-0.052913	-0.028839	0.088597	-0.055171	-0.01701	-0.141484	0.001938	0.052319	-0.091558	IL	1
6ZXH_2:1169-1173_1184-1191	-0.091245	-0.067848	0.302958	-0.250459	-0.096549	0.179168	0.059838	-0.05831	-0.006883	0.061437	-0.066946	-0.087769	-0.123288	0.089437	-0.135598	0.043203	-0.053134	0.078599	0.035683	-0.078463	-0.06107	0.139593	0.007295	0.141062	-0.090056	0.022474	-0.112859	0.169635	-0.018139	0.000645	-0.025699	0.053561	0.102682	0.101393	-0.030032	0.100072	-0.081275	0.061671	0.050896	0.085253	0.220024	0.056833	-0.048738	-0.049156	0.072854	0.236146	0.010881	0.001393	-0.07088	-0.073676	-0.111289	0.0036	-0.038603	-0.014576	-0.028541	-0.070367	0.004407	-0.014174	0.090635	0.091169	0.00137	-0.025778	-0.088076	0.2249	IL	0
7S0S_C:238-244_252-257	0.083544	-0.155485	0.19435	0.038245	-0.08057	0.07407	0.039784	-0.071788	-0.026302	-0.056352	-0.192209	-0.103257	-0.055821	-0.046386	-0.141419	0.049635	0.072378	0.084469	-0.064686	-0.106042	-0.047494	0.038087	0.055704	0.038384	-0.18148	-0.067294	-0.031885	0.202376	-0.057822	-0.008213	-0.024921	0.151543	-0.0409	0.002301	-0.160797	0.036563	-0.107124	0.153312	0.221536	-0.045662	0.081049	0.227867	-0.078975	-0.147591	0.149825	0.312675	0.033526	-0.135018	-0.064707	-0.12211	-0.028178	-0.00831	0.019711	-0.081278	0.062417	-0.112783	0.022487	0.254618	0.162207	-0.028091	0.096474	-0.062081	-0.155405	0.08545	IL	5
4V77_AA:407-413_426-431	0.110716	-0.096709	-0.051395	0.16046	0.030661	0.032222	-0.047436	0.042459	0.127713	0.026162	0.042012	0.102233	0.010495	-0.315437	0.062793	0.019172	-0.047188	-0.157391	0.000282	0.055436	-0.009682	-0.07367	-0.175859	0.126163	-0.006665	0.087823	0.054165	-0.065644	-0.021	-0.097322	-0.053463	0.004038	0.103608	-0.088507	-0.107911	-0.080056	0.104801	0.048808	-0.007785	0.036336	0.084776	0.093285	-0.00346	0.074393	-0.005041	0.144879	0.031184	-0.01055	-0.073862	0.087954	0.071537	0.00547	0.044107	-0.184366	0.066161	-0.268329	0.063437	0.166765	-0.038179	-0.060805	0.194169	0.082675	0.062938	-0.126092	IL	2
8OIQ_B8:640-646_1005-1010	0.068553	-0.138748	0.134475	-0.036947	0.025833	0.082	0.142395	-0.030362	-0.154353	0.141925	-0.126382	-0.046605	-0.012299	-0.035096	-0.096077	0.087064	-0.049724	0.019428	-0.120125	-0.18311	-0.053217	-0.016796	0.048705	0.07614	-0.251014	-0.009197	-0.106086	0.012768	0.040946	-0.027667	-0.056874	0.077423	0.218155	-0.023715	0.010281	0.085304	-0.030256	0.067755	0.162873	-0.009375	0.097656	0.089044	-0.051385	-0.066087	0.074607	0.364555	0.015028	-0.057704	-0.098224	-0.029065	-0.012833	0.060668	0.086552	-0.076914	0.087322	-0.13878	0.132593	0.105559	0.080964	-0.024324	0.096244	-0.06855	-0.026894	0.08743	IL	5
3J2C_N:407-414_425-431	0.070675	0.003715	-0.066341	0.172167	0.220547	0.13209	-0.056563	-0.090099	-0.086076	0.072438	-0.079765	-0.090854	0.159712	-0.106256	0.122663	0.125714	-0.02579	-0.140341	0.152254	-0.074746	0.056236	-0.054731	-0.084971	0.179195	-0.2128	0.102056	0.017662	-0.010306	-0.122161	-0.165807	-0.147162	-0.010472	0.183088	-0.085861	-0.051953	-0.006405	0.126595	-0.113578	0.134976	-0.023982	0.023365	0.042168	0.001989	0.071104	0.236788	0.077335	-0.010235	-0.024457	-0.122336	0.025601	-0.002167	0.000218	-0.079637	-0.17471	0.195497	-0.177289	-0.130243	0.157225	-0.011711	-0.032551	0.028246	0.02837	0.124273	-0.117347	IL	2
6DZP_A:237-243_251-256	0.092403	-0.064367	0.060402	-0.001649	-0.076187	-0.007299	0.073051	0.073952	0.0407	-0.023509	-0.082266	-0.021451	0.084241	-0.150629	0.016344	-0.066274	0.045382	-0.054627	-0.026298	-0.023457	-0.088884	0.099562	0.040071	0.0158	-0.077386	-0.067545	0.016579	0.212587	-0.10163	-0.097935	-0.064644	0.142683	-0.062183	0.035737	-0.076492	0.043302	0.01146	0.003146	0.146944	0.019932	-0.008708	0.135127	-0.043611	-0.098892	0.148408	0.143996	0.047277	-0.17805	-0.077311	0.008898	-0.031191	0.049648	0.023526	-0.043299	-0.004533	-0.053743	0.03222	0.230944	0.061605	-0.118266	0.047439	0.086144	-0.08654	0.019779	IL	4
8QBT_i:1302-1306_1329-1333	-0.001238	0.03107	-0.077112	-0.115618	-0.077789	0.008974	-0.131025	0.193394	-0.077298	0.039033	0.136705	0.152064	0.057799	-0.079616	0.072833	-0.162216	0.003399	0.025342	0.087088	-0.177123	-0.185912	-0.027626	0.038805	0.02423	-0.00403	0.001002	-0.0407	0.15603	-0.113674	-0.075889	-0.02495	0.073153	-0.036728	0.09933	-0.041174	0.077175	0.01222	0.03711	0.142754	0.028766	-0.06296	-0.040372	-0.040574	0.03144	0.101178	-0.067213	0.080752	-0.051995	0.0912	0.216436	0.061826	0.003794	0.001869	-0.010118	0.051271	0.010601	-0.02818	0.058409	0.001253	0.032626	0.093226	0.130523	0.004364	-0.008014	IL	3
5O60_A:1467-1469_1490-1493	-0.04746	-0.050394	-0.114669	0.156136	0.145833	-0.301031	-0.197675	0.079402	0.035785	-0.104469	-0.054782	0.191522	0.145759	-0.003454	0.200531	0.126452	0.264532	-0.029957	-0.170333	-0.115948	0.06425	0.211143	-0.221509	0.037313	-0.005892	-0.061576	-0.107843	-0.129587	-0.018867	0.052763	-0.069855	0.139482	0.16478	-0.370786	0.066792	-0.078955	0.310151	-0.131806	-0.00619	-0.19019	-0.056065	0.015731	0.075973	0.043595	-0.021472	0.081445	-0.164437	-0.095049	-0.118143	-0.015149	0.030014	-0.270858	0.122256	-0.303018	0.185651	-0.048704	0.027329	0.044753	0.036522	0.014087	-0.227982	-0.026916	0.012885	-0.050947	IL	1
7OIF_1:1352-1354_1375-1378	-0.013247	-0.035868	-0.134665	0.136313	0.162441	-0.369375	-0.155337	0.129572	0.018725	-0.150957	-0.041268	0.21513	0.161182	-0.003401	0.19026	0.126698	0.267416	0.016387	-0.180437	-0.074855	0.05334	0.195258	-0.231912	-0.07584	-0.031481	-0.079358	-0.065555	-0.152767	0.060498	0.069104	-0.026533	0.160665	0.120074	-0.417358	0.054667	-0.070327	0.356788	-0.213963	-0.015348	-0.182728	-0.032796	-0.04418	0.068112	0.008348	-0.017335	0.177335	-0.230456	-0.07813	-0.110455	-0.02476	-0.018024	-0.262752	0.104242	-0.340912	0.191176	-0.008893	-0.001549	0.035851	0.019828	0.018709	-0.206157	-0.025224	0.03113	-0.066057	IL	1
7S0S_C:1467-1469_1490-1493	-0.044006	-0.041991	-0.135113	0.143857	0.19503	-0.378665	-0.166521	0.171634	-0.015153	-0.162598	-0.053319	0.228153	0.183295	-0.006317	0.174472	0.153243	0.203119	0.001776	-0.188469	-0.146993	0.055256	0.171764	-0.232537	-0.066857	-0.053218	-0.1048	-0.037722	-0.160076	0.071941	0.065049	-0.007664	0.156235	0.139866	-0.424372	0.034912	-0.05074	0.391786	-0.239967	-0.006413	-0.192738	-0.02955	-0.067796	0.075933	0.000559	0.028293	0.162523	-0.237253	-0.091283	-0.071321	0.002643	-0.008446	-0.255447	0.102949	-0.369438	0.214091	-0.000312	-0.02622	0.053089	0.007822	-0.008579	-0.152169	0.006825	0.05846	-0.067951	IL	1
5LMN_A:407-414_425-431	0.041756	0.032769	0.014903	-0.0252	0.098849	0.01103	0.026078	0.083181	-0.103924	-0.008718	-0.280795	-0.006091	0.022956	-0.048821	0.045305	-0.08964	0.1128	-0.010749	0.090387	-0.187089	-0.063086	0.23711	0.125281	-0.033166	-0.196854	0.15071	0.05608	0.20767	-0.22741	-0.006851	-0.222625	0.086016	0.228662	0.194143	-0.01342	-0.107774	0.047176	-0.034825	0.294541	0.051386	-0.138692	0.032805	0.059905	-0.066763	0.069811	0.162187	0.179031	-0.226631	-0.044909	-0.220858	0.057966	0.077229	0.215136	0.16276	-0.132032	0.032087	-0.097712	0.376643	-0.017333	-0.024889	-0.089586	0.104759	-0.133924	-0.048733	IL	4
7OTC_A:1352-1354_1375-1378	-0.06812	-0.082822	-0.178582	0.19189	0.14883	-0.275461	-0.20029	0.148899	0.026346	-0.149674	-0.022923	0.182944	0.150693	-0.000194	0.190055	0.155556	0.205202	0.032572	-0.160849	-0.142012	0.070382	0.240765	-0.187992	-0.018599	-0.020028	-0.088087	-0.02374	-0.105461	-0.011121	0.054336	-0.015411	0.145256	0.119142	-0.386997	0.037871	-0.047553	0.374459	-0.18666	-0.007631	-0.155944	-0.047063	-0.032546	0.101865	-0.00166	-0.01748	0.096742	-0.196001	-0.119516	-0.122708	-0.032723	0.009648	-0.280712	0.097971	-0.378751	0.175628	0.019776	-0.017262	0.059995	0.025184	-0.02973	-0.195388	-0.003634	0.019179	-0.103235	IL	1
7OTC_a:1302-1306_1329-1333	-0.024035	0.028085	-0.028219	-0.18015	-0.03751	0.013354	-0.167202	0.108406	-0.025913	0.091206	0.151105	0.162936	0.058236	-0.010682	0.053064	-0.227638	0.036124	0.062248	0.133122	-0.1561	-0.167475	-0.067189	-0.010747	-0.018666	0.047535	0.026722	-0.006918	0.181165	-0.079113	-0.083713	0.024346	0.074133	-0.116618	0.174533	-0.023127	0.106357	-0.018954	0.029618	0.102414	0.031664	-0.025262	-0.041729	-0.069049	0.035034	0.035384	-0.029872	0.04989	-0.032389	0.120095	0.20581	0.08429	-0.021902	-0.014323	-0.028798	0.022431	0.002054	-0.016608	0.037695	0.058281	0.041233	0.063382	0.123511	-0.001337	-0.005778	IL	3
8BH7_a:896-904_913-919	0.020129	-0.071314	0.147487	-0.093527	-0.009133	0.145722	0.019782	-0.148501	-0.062676	0.033634	-0.123393	-0.211175	0.228227	0.040078	-0.047929	0.002344	0.058594	0.086262	0.056414	-0.025019	-0.121422	0.065894	0.083087	-0.027272	-0.053353	-0.007706	0.10826	0.262213	-0.060818	-0.08945	-0.257728	0.04724	0.026948	0.087425	-0.087435	0.05498	-0.039821	0.120516	0.207761	-0.019794	0.00385	0.121523	-0.09833	-0.068796	0.073065	0.352164	0.029344	-0.056354	-0.06905	-0.072151	-0.096028	0.082801	-0.00964	0.00047	-0.102877	-0.126854	0.045396	0.347076	0.078928	-0.180955	-0.067971	-0.019274	-0.190748	-0.016577	IL	4
7Y41_A:1467-1469_1490-1493	-0.00891	-0.028301	-0.124144	0.133717	0.120013	-0.309328	-0.174157	0.093684	0.057172	-0.08045	-0.027262	0.236206	0.168964	0.001612	0.19613	0.139102	0.270641	0.000021	-0.175772	-0.100596	0.02499	0.253619	-0.271257	-0.02506	0.016108	-0.07819	-0.085222	-0.121655	0.00459	0.075347	-0.035015	0.163577	0.098364	-0.432364	0.055579	-0.06768	0.339437	-0.144797	0.00312	-0.191293	-0.039966	0.000265	0.073505	0.025223	-0.059405	0.110786	-0.222902	-0.086246	-0.09556	-0.033611	0.012509	-0.281658	0.079167	-0.317703	0.166616	-0.036124	0.04858	0.039163	0.038267	0.049782	-0.248831	0.000946	-0.01022	-0.057538	IL	1
3J2D_N:407-414_425-431	0.137128	-0.004407	-0.087826	0.136503	0.210346	0.08174	-0.031067	-0.105548	-0.108704	0.075196	-0.169446	-0.120024	0.215275	-0.099258	0.144894	0.130401	-0.001462	-0.135695	0.124754	-0.113081	0.015136	-0.122518	-0.045821	0.14588	-0.172137	0.041878	-0.001009	0.042641	-0.039492	-0.147672	-0.172076	-0.006368	0.182224	-0.058459	-0.108108	-0.05729	0.086882	-0.145732	0.181562	-0.034507	-0.018847	0.025358	-0.04083	0.065281	0.227382	0.10591	-0.001474	-0.019369	-0.089809	-0.056269	0.024582	0.084587	-0.040948	-0.195209	0.231325	-0.117187	-0.125673	0.174409	-0.015938	-0.129746	-0.022792	0.021088	0.101266	-0.114141	IL	2
5X8P_A:1373-1375_1396-1399	-0.024255	-0.042541	-0.139126	0.182717	0.119231	-0.287627	-0.189719	0.101148	0.069013	-0.197327	-0.002425	0.180404	0.134563	-0.026644	0.216673	0.114335	0.248144	0.047086	-0.149969	-0.085174	0.081103	0.233352	-0.1733	-0.041305	-0.006434	-0.057221	-0.044161	-0.105823	0.03316	0.020429	-0.0262	0.129902	0.113762	-0.361838	0.051624	-0.064243	0.345389	-0.189537	-0.019193	-0.175393	-0.037482	-0.037163	0.065366	0.007022	-0.010416	0.135557	-0.197803	-0.114292	-0.146744	-0.045924	-0.003214	-0.26205	0.116951	-0.360537	0.1789	0.004842	-0.004706	0.058765	0.029492	-0.008804	-0.2007	-0.047913	-0.016234	-0.105283	IL	1
5J8A_BA:1302-1306_1329-1333	0.038265	-0.001908	-0.106912	-0.137922	-0.088021	-0.043064	-0.104388	0.220418	-0.089691	0.006754	0.104593	0.162499	0.153335	-0.064956	0.107554	-0.236546	-0.01685	0.075733	0.111837	-0.143238	-0.188376	-0.037916	0.078174	0.025712	-0.014164	0.026511	-0.001177	0.178274	-0.1526	-0.081034	0.021603	0.126018	-0.068173	0.110485	-0.017107	0.089939	0.003562	0.014911	0.181295	0.024001	-0.095228	-0.10568	0.0204	-0.006412	0.097835	-0.010168	0.061635	-0.112664	0.09677	0.164057	0.03757	-0.024065	-0.009677	-0.016523	0.046177	0.038131	-0.067743	0.110891	0.037903	-0.015777	0.067908	0.157919	-0.004077	-0.039379	IL	3
8A3L_A:407-414_425-431	0.163642	-0.045345	-0.090341	0.136812	0.139245	0.028139	-0.018033	0.008838	0.048739	0.023395	-0.072031	0.002103	0.027329	-0.337628	0.004142	0.065424	-0.001132	-0.180566	0.057103	0.047195	0.047983	-0.062224	-0.206258	0.152782	-0.102753	0.093829	0.037167	0.011667	-0.05374	-0.175134	-0.106019	-0.043277	0.172627	-0.117644	0.017665	-0.140547	0.146613	-0.011201	0.029636	0.006443	-0.000342	0.130602	-0.119087	0.05275	0.182683	0.154148	0.015665	-0.044751	-0.121767	0.042075	0.030553	-0.065375	0.014242	-0.219958	0.120144	-0.291363	-0.010898	0.17051	-0.022872	-0.049484	0.125358	0.116083	0.08783	-0.110951	IL	2
5X8P_A:1283-1289_2024-2029	0.011615	-0.111429	0.108333	0.04701	0.080891	0.030444	0.075223	-0.122323	-0.175538	0.021928	-0.106649	-0.07888	-0.051529	-0.03148	-0.042895	0.134099	0.039771	-0.005982	-0.13381	-0.139266	0.031527	-0.06758	0.114033	0.063131	-0.382209	0.005027	-0.116202	0.108224	0.141292	-0.033218	0.026056	0.167578	0.161752	0.034482	-0.020432	0.040311	-0.042814	0.003794	0.136639	-0.131144	0.096255	0.075609	-0.048985	-0.024003	0.110529	0.411596	0.011786	-0.105821	-0.12765	-0.040336	0.052859	0.045865	0.10635	-0.198256	0.112576	-0.144327	0.014204	0.115055	0.174456	-0.021637	0.090628	-0.179091	0.046149	0.046961	IL	5
4V85_AA:1302-1306_1329-1333	-0.109182	0.016111	-0.043241	-0.097611	-0.004584	-0.030205	-0.211126	0.139925	-0.105823	0.097449	0.057742	0.199605	0.116544	-0.11321	0.068076	-0.143659	-0.045065	-0.013956	0.005123	-0.188299	-0.18734	-0.013358	0.071759	-0.002207	-0.041298	0.021544	-0.033344	0.115185	-0.125375	-0.01916	0.00636	0.034245	-0.027287	0.12912	-0.045666	0.07599	0.016389	0.029123	0.080594	-0.024657	-0.061197	-0.056177	-0.024983	0.126118	0.046419	-0.034503	0.068784	-0.026095	0.122255	0.267333	0.064427	-0.073091	0.037839	-0.030246	0.009436	-0.042835	-0.058243	0.049471	0.01938	0.065107	0.061077	0.081564	0.029112	-0.001453	IL	3
6ZXF_2:1169-1173_1184-1191	-0.048558	-0.04476	0.267836	-0.213287	-0.105437	0.147412	-0.019003	-0.046224	-0.027917	0.031107	-0.094554	-0.091603	-0.115334	0.068076	-0.153325	-0.006002	-0.020082	0.07321	0.03187	-0.009456	-0.054551	0.091194	-0.04339	0.110795	-0.040736	-0.000032	-0.082579	0.119718	0.003581	0.037418	0.026152	0.023992	0.145634	0.080799	0.007059	0.027491	-0.054463	0.066972	0.023625	0.073239	0.208464	0.083412	0.031962	-0.045592	0.067294	0.213423	-0.001082	0.013453	-0.017496	-0.10097	-0.098604	0.02851	-0.037807	-0.000871	-0.049705	-0.048761	-0.006532	-0.032932	0.103917	0.070602	0.038403	0.005136	-0.10916	0.112547	IL	0
7JT3_3:407-414_425-431	0.166191	-0.004814	-0.08025	0.130076	0.166892	0.030142	-0.006888	-0.007031	0.020634	0.032359	-0.084392	0.012099	0.067131	-0.321478	0.014567	0.092892	0.002164	-0.144728	0.056967	0.035549	0.058126	-0.05018	-0.173689	0.117763	-0.180071	0.070146	0.059192	0.049436	-0.092139	-0.153188	-0.119931	-0.018114	0.169099	-0.11754	-0.007749	-0.126851	0.141416	0.016532	0.068019	0.003241	-0.00722	0.131357	-0.10492	0.059946	0.220895	0.113664	0.031783	-0.041968	-0.155435	0.054663	0.039499	-0.097094	0.023362	-0.232344	0.139954	-0.31616	-0.049371	0.182995	-0.049327	-0.039029	0.129008	0.12145	0.122933	-0.103729	IL	2
6SPE_a:401-408_419-425	0.148893	-0.046767	-0.102487	0.121212	0.178675	0.033494	-0.035442	-0.05412	0.084181	0.033299	-0.013038	-0.064086	0.017074	-0.198202	-0.057816	0.083278	0.0345	-0.139253	0.141715	0.048886	0.140937	-0.010619	-0.203907	0.077397	-0.170412	0.133175	0.098921	0.002167	-0.189467	-0.130248	-0.128551	0.004894	0.098142	-0.145606	0.012991	-0.075429	0.069628	-0.050021	0.11998	-0.05134	0.084633	0.228973	-0.110616	0.078492	0.174914	0.140101	0.023812	-0.0662	-0.110966	-0.014715	0.056093	-0.065316	0.012406	-0.0904	0.102601	-0.260651	-0.100769	0.24822	-0.025753	-0.028884	0.089199	0.192211	0.068271	-0.076379	IL	2
3J28_N:407-414_425-431	0.148135	-0.045522	-0.071579	0.157183	0.190126	0.102011	-0.031922	-0.11509	-0.039919	0.10707	-0.151266	-0.122425	0.196906	-0.109125	0.12939	0.13017	-0.001781	-0.135125	0.121124	-0.072068	-0.003757	-0.103743	-0.081139	0.182385	-0.190325	0.039359	0.012614	0.013369	-0.038517	-0.219053	-0.143128	0.000474	0.161203	-0.053857	-0.087156	-0.034839	0.074556	-0.079805	0.14099	-0.04516	-0.025921	0.06349	-0.030179	0.041883	0.166885	0.135781	-0.034408	-0.054895	-0.094624	-0.021835	0.03049	0.059948	-0.051909	-0.23971	0.219998	-0.149919	-0.114247	0.157471	-0.031498	-0.134553	-0.033134	0.041986	0.071226	-0.124274	IL	2
5O61_A:238-244_252-257	0.030685	-0.217834	0.211158	0.031981	-0.00312	-0.00352	0.070055	-0.021797	-0.030162	-0.062055	-0.155082	-0.064987	-0.145391	-0.036275	-0.19095	0.071061	0.015244	0.061339	-0.10713	-0.146932	-0.029335	0.030298	0.127	0.060158	-0.20664	0.015028	-0.055539	0.118706	-0.048307	-0.046118	-0.002059	0.162913	0.002041	0.019803	-0.123707	0.058638	-0.05747	0.099464	0.119288	-0.040367	0.105453	0.154059	-0.134342	-0.156897	0.122936	0.351291	0.019946	-0.168653	-0.019858	-0.108281	-0.067079	-0.015141	0.056621	-0.087152	0.037406	-0.153493	-0.032184	0.237169	0.164925	0.040996	0.086037	-0.10899	-0.106893	0.107219	IL	5
7Y41_A:238-244_252-257	0.063065	-0.163025	0.167352	0.044529	-0.036944	0.039381	0.071652	-0.111302	-0.069352	-0.041997	-0.194662	-0.081886	-0.114994	-0.024946	-0.129057	0.121644	0.019155	0.068225	-0.085404	-0.097244	-0.0786	0.062859	0.103327	0.039188	-0.220915	-0.038836	-0.048837	0.185419	-0.069074	0.013174	0.079746	0.165119	-0.036451	0.026922	-0.138236	0.039952	-0.07331	0.109195	0.160157	-0.057145	0.083351	0.135877	-0.082749	-0.11947	0.135151	0.380155	0.010524	-0.179614	-0.062164	-0.103502	-0.045058	-0.04165	0.011566	-0.12037	0.0283	-0.12797	0.017724	0.261202	0.210723	-0.020438	0.088657	-0.092975	-0.106019	0.066146	IL	5
8BH7_a:416-424_434-440	0.129766	-0.049437	-0.067799	0.128299	0.177411	-0.020373	-0.069123	0.085948	0.051417	-0.150103	-0.108373	-0.118708	0.024624	-0.149472	-0.000955	0.067633	0.162537	-0.101406	0.202963	-0.017973	0.127062	-0.112903	-0.185811	0.181047	-0.241594	-0.037792	0.138013	0.009434	-0.08512	-0.169108	0.083497	0.115091	0.122267	-0.075923	-0.064847	-0.04911	-0.055211	-0.032285	0.369687	-0.103349	0.023562	0.30261	-0.087525	-0.066939	0.243497	0.096012	0.037875	-0.170513	-0.240353	0.036144	0.135502	-0.113832	-0.077075	-0.085106	0.100709	-0.189359	-0.102848	0.253972	-0.088008	-0.067502	0.128572	0.216019	-0.037761	-0.056582	IL	2
6DZI_A:237-243_251-256	0.091944	-0.064027	0.060599	-0.002028	-0.076169	-0.007212	0.0733	0.07373	0.040851	-0.022988	-0.082727	-0.021892	0.084547	-0.150142	0.016402	-0.066754	0.045635	-0.054476	-0.025792	-0.023213	-0.088954	0.100016	0.040704	0.015888	-0.07766	-0.067296	0.01605	0.212604	-0.101656	-0.097849	-0.065122	0.142711	-0.062991	0.036703	-0.076548	0.043959	0.011163	0.003066	0.147174	0.020216	-0.00825	0.134916	-0.043616	-0.098942	0.148128	0.143857	0.047478	-0.177814	-0.077427	0.009362	-0.031161	0.050582	0.023724	-0.042906	-0.004594	-0.053124	0.031911	0.23091	0.061231	-0.118387	0.046918	0.085395	-0.086591	0.020159	IL	4
7OIG_2:1302-1306_1329-1333	-0.0613	-0.028804	-0.024083	-0.140268	-0.101641	-0.066084	-0.139701	0.150828	-0.056551	0.012142	0.118038	0.119773	0.029961	0.002428	0.038528	-0.220512	0.057348	0.077554	0.071049	-0.087584	-0.16944	-0.124663	0.077404	-0.021121	0.044624	0.062844	-0.034922	0.140507	-0.101944	-0.116701	0.011537	0.084871	-0.124304	0.181586	-0.036634	0.077511	0.007467	0.051181	0.134277	0.074359	-0.092784	-0.128346	-0.076932	0.039115	0.048351	-0.009323	0.055122	-0.060562	0.139836	0.16105	0.020416	0.006517	-0.004519	0.031366	0.029052	0.060081	-0.063395	0.034503	0.068611	-0.062191	0.0586	0.004468	-0.024536	-0.063946	IL	3
5O61_A:1467-1469_1490-1493	-0.052111	-0.05588	-0.120812	0.15551	0.158409	-0.296815	-0.204296	0.084243	0.023628	-0.103663	-0.058265	0.188131	0.148786	-0.002051	0.207821	0.129525	0.255438	-0.033127	-0.175422	-0.130376	0.066936	0.202654	-0.221243	0.041443	-0.009203	-0.06373	-0.111448	-0.124478	-0.02516	0.057995	-0.069633	0.135114	0.17389	-0.369794	0.068485	-0.082885	0.31269	-0.139126	-0.002083	-0.184647	-0.063509	0.019235	0.078379	0.042454	-0.008618	0.071511	-0.155927	-0.101324	-0.120132	-0.015148	0.036045	-0.277185	0.125142	-0.306011	0.19253	-0.043673	0.018598	0.047769	0.038131	0.013233	-0.221172	-0.019028	0.019171	-0.046052	IL	1
6TMF_A:833-840_851-856	-0.009896	-0.086245	0.12803	-0.082449	-0.001367	0.037273	0.031635	0.040352	-0.148226	0.085357	-0.213665	-0.000104	0.009171	-0.048438	-0.152677	0.09263	-0.083044	0.040849	-0.058053	-0.146529	-0.062913	0.156051	0.09779	-0.032472	-0.181882	0.036856	0.000029	0.111551	-0.101591	0.065118	-0.117829	0.075658	0.127541	0.102753	-0.061368	0.005195	-0.063376	0.096339	0.140633	-0.062255	0.090033	0.139153	-0.078452	-0.108028	-0.012633	0.383105	0.061995	-0.111236	0.006255	-0.079328	0.028306	0.01078	0.096156	0.195534	-0.112585	-0.091692	0.017909	0.290816	0.020712	0.030182	0.042861	-0.046674	-0.130003	0.175795	IL	5
6ZXG_2:1169-1173_1184-1191	-0.085499	-0.062776	0.306531	-0.245124	-0.096515	0.186172	0.056581	-0.063086	-0.004588	0.056794	-0.065633	-0.087763	-0.118125	0.090353	-0.133719	0.037125	-0.047655	0.075865	0.042054	-0.078897	-0.060183	0.139467	0.002999	0.137017	-0.091044	0.024119	-0.109654	0.178387	-0.027943	0.002868	-0.030369	0.055084	0.103626	0.099294	-0.036754	0.095408	-0.083816	0.067134	0.056832	0.089571	0.218175	0.068392	-0.043459	-0.052223	0.085252	0.233002	0.016159	0.000446	-0.070837	-0.081594	-0.110449	0.004667	-0.041641	-0.016548	-0.027393	-0.076582	0.004955	-0.001398	0.095448	0.09489	0.006129	-0.021581	-0.087168	0.224744	IL	0
