Motif_location (PDB)	Cluster_id	Subcluster_id	Family_label
5O60_A:238-244_252-257	0	0	IL
5O61_A:238-244_252-257	0	0	IL
6TMF_A:833-840_851-856	0	0	IL
6ZXH_2:1169-1173_1184-1191	0	0	IL
7S0S_C:238-244_252-257	0	0	IL
6ZXF_2:1169-1173_1184-1191	0	0	IL
6ZXG_2:1169-1173_1184-1191	0	0	IL
5X8P_A:1373-1375_1396-1399	1	1	IL
7JT1_1:1352-1354_1375-1378	1	1	IL
7Y41_A:1467-1469_1490-1493	1	1	IL
7OTC_A:1352-1354_1375-1378	1	1	IL
7S0S_C:1467-1469_1490-1493	1	1	IL
5O61_A:1467-1469_1490-1493	1	1	IL
7OIF_1:1352-1354_1375-1378	1	1	IL
5O60_A:1467-1469_1490-1493	1	1	IL
3J2D_N:407-414_425-431	2	2	IL
3J2C_N:407-414_425-431	2	2	IL
3J28_N:407-414_425-431	2	2	IL
4V77_AA:407-413_426-431	2	2	IL
3J2G_N:407-414_425-431	2	2	IL
7Y41_A:238-244_252-257	3	3	IL
6DZP_A:237-243_251-256	3	3	IL
8BH7_a:896-904_913-919	3	3	IL
8OIQ_B8:640-646_1005-1010	3	3	IL
6DZI_A:237-243_251-256	3	3	IL
5X8P_A:1283-1289_2024-2029	3	3	IL
8A3L_A:407-414_425-431	4	4	IL
6SPE_a:401-408_419-425	4	4	IL
5LMN_A:407-414_425-431	4	4	IL
8BH7_a:416-424_434-440	4	4	IL
7JT3_3:407-414_425-431	4	4	IL
4V85_AA:1302-1306_1329-1333	5	5	IL
8QBT_i:1302-1306_1329-1333	5	5	IL
7OIG_2:1302-1306_1329-1333	5	5	IL
5J8A_BA:1302-1306_1329-1333	5	5	IL
7OTC_a:1302-1306_1329-1333	5	5	IL
