Motif_id	Feature_1	Feature_2	Feature_3	Feature_4	Feature_5	Feature_6	Feature_7	Feature_8	Feature_9	Feature_10	Feature_11	Feature_12	Feature_13	Feature_14	Feature_15	Feature_16	Feature_17	Feature_18	Feature_19	Feature_20	Feature_21	Feature_22	Feature_23	Feature_24	Feature_25	Feature_26	Feature_27	Feature_28	Feature_29	Feature_30	Feature_31	Feature_32	Feature_33	Feature_34	Feature_35	Feature_36	Feature_37	Feature_38	Feature_39	Feature_40	Feature_41	Feature_42	Feature_43	Feature_44	Feature_45	Feature_46	Feature_47	Feature_48	Feature_49	Feature_50	Feature_51	Feature_52	Feature_53	Feature_54	Feature_55	Feature_56	Feature_57	Feature_58	Feature_59	Feature_60	Feature_61	Feature_62	Feature_63	Feature_64	Label
2R8S_R:149-154	0.32930853962898254	 0.16716934740543365	 0.073179230093956	 0.11858401447534561	 -0.23471152782440186	 -0.18371810019016266	 -0.04091525450348854	 -0.13971997797489166	 -0.04787434637546539	 0.3259063959121704	 0.12490910291671753	 0.07991107553243637	 -0.05817347764968872	 -0.05457790568470955	 -0.2080262154340744	 0.07979751378297806	 0.1742023229598999	 0.07155968248844147	 -0.10918837785720825	 0.011922207660973072	 -0.43202170729637146	 -0.20454160869121552	 -0.05854475498199463	 0.2294369339942932	 0.07961363345384598	 -0.08760648965835571	 -0.19653528928756714	 -0.118963323533535	 0.31091299653053284	 -0.044258344918489456	 0.02792471833527088	 -0.5325984954833984	 0.1518406867980957	 0.05988944694399834	 -0.1210210844874382	 0.1750209927558899	 0.0566277951002121	 -0.21950799226760864	 -0.08031385391950607	 0.03932151570916176	 -0.06058311089873314	 0.0954127088189125	 -0.030278310179710388	 -0.062198083847761154	 -0.10497954487800598	 0.2462874799966812	 0.017587006092071533	 -0.2988443076610565	 -0.09350734949111938	 -0.30235859751701355	 -0.08063245564699173	 -0.09850791841745377	 0.19104339182376862	 -0.09086384624242783	 -0.02294074185192585	 -0.03061647154390812	 0.05789335072040558	 0.09667035192251205	 0.35239458084106445	 0.20050597190856934	 -0.12893249094486237	 0.17128771543502808	 -0.14758236706256866	 -0.10110212117433548	GNRA
5MRC_aa:1123-1128	-0.05144025385379791	 -0.007518029306083918	 0.19885557889938354	 0.056161731481552124	 0.017578652128577232	 -0.025681115686893463	 -0.01691807061433792	 0.03106618858873844	 -0.11876213550567627	 -0.3276742994785309	 0.12437835335731506	 0.24299460649490356	 -0.2318994253873825	 0.1699177473783493	 -0.23112402856349945	 -0.29554346203804016	 -0.011117666959762573	 -0.07289845496416092	 0.056545455008745193	 0.029365720227360725	 0.05695466697216034	 0.05684420466423035	 0.24460522830486298	 -0.22386501729488373	 0.2490403652191162	 -0.2826886475086212	 -0.09232699126005173	 -0.12766149640083313	 -0.38578152656555176	 -0.07586879283189774	 0.19973886013031006	 0.2063879817724228	 -0.12381445616483688	 0.33959388732910156	 0.20618242025375366	 -0.05856138467788696	 -0.2384531944990158	 -0.15848779678344727	 -0.14926308393478394	 -0.05094305798411369	 -0.08827483654022217	 -0.022156938910484314	 0.20967940986156464	 0.19822148978710175	 -0.07057637721300125	 -0.08818516880273819	 0.17086303234100342	 0.21342147886753082	 0.19954073429107666	 0.04188722372055054	 -0.5105835795402527	 0.05249049887061119	 0.06367970257997513	 0.09945666790008545	 -0.02633298933506012	 0.08530060201883316	 -0.30470916628837585	 -0.2887059152126312	 -0.08289434015750885	 0.014785836450755596	 0.263204962015152	 0.08523503690958023	 -0.00830243993550539	 -0.13339179754257202	GNRA
5NGM_Aa:1526-1531	0.09329897165298462	 0.02545490302145481	 -0.15373484790325165	 0.24655479192733765	 -0.04646400734782219	 -0.16761146485805511	 0.09894457459449768	 -0.07387731224298477	 -0.1565195769071579	 0.15013979375362396	 0.2329898625612259	 -0.12121204286813736	 -0.24907903373241425	 -0.06963366270065308	 0.19434112310409546	 0.43205907940864563	 0.07695173472166061	 -0.147836372256279	 0.06949663162231445	 -0.11928874999284744	 0.10275942087173462	 0.07676982879638672	 -0.3392336368560791	 -0.12209182977676392	 -0.25443777441978455	 -0.1121550127863884	 0.05264881253242493	 -0.07715722173452377	 0.11656644940376282	 -0.08022496849298477	 -0.27338552474975586	 0.0500287264585495	 -0.08350369334220886	 -0.05300864577293396	 -0.08658664673566818	 -0.10868331789970398	 -0.1321706771850586	 0.34514307975769043	 -0.004595726728439331	 0.18997740745544434	 0.0004314097168389708	 -0.07869023829698563	 -0.03006979264318943	 0.2453242540359497	 0.18570832908153534	 0.16460777819156647	 -0.18211160600185394	 -0.12325730919837952	 -0.006089018192142248	 0.10691207647323608	 0.19698236882686615	 0.10556141287088394	 -0.1112932339310646	 0.060252945870161057	 0.1872180551290512	 -0.21568109095096588	 0.24519848823547363	 0.23579759895801544	 0.2488248348236084	 0.16436345875263214	 -0.009344079531729221	 -0.1489565521478653	 0.3031410574913025	 -0.20073311030864716	GNRA
5B63_D:954-962	0.0339050367474556	 0.004699258133769035	 0.008829216472804546	 -0.05339634791016579	 0.03658228740096092	 0.02451787143945694	 -0.0022324654273688793	 -0.013649750500917435	 0.05916321277618408	 -0.016106585040688515	 -0.09356248378753662	 0.016447216272354126	 0.07164698839187622	 -0.11116361618041992	 0.0701255276799202	 -0.16641397774219513	 -0.09227801859378815	 -0.06789641082286835	 -0.06888467818498611	 -0.02383640594780445	 -0.1771647334098816	 -0.025632748380303383	 -0.14103753864765167	 -0.12414993345737457	 -0.013377868570387363	 0.19698002934455872	 -0.17536510527133942	 0.08150137960910797	 -0.0018337683286517859	 0.06894887238740921	 -0.04556705430150032	 0.13302282989025116	 0.042462851852178574	 -0.00033422725391574204	 -0.0910092443227768	 -0.06834345310926437	 0.07257254421710968	 -0.001680142362602055	 -0.023420726880431175	 0.021558888256549835	 0.09120828658342361	 0.17214727401733398	 -0.03614973649382591	 0.015199403278529644	 0.04722326993942261	 -0.06323591619729996	 0.06934405863285065	 0.18635214865207672	 -0.1343516707420349	 0.07542929798364639	 0.1720069944858551	 -0.03417334333062172	 -0.03433532267808914	 -0.07709237933158875	 0.11426934599876404	 -0.09013431519269943	 0.001688260119408369	 -0.2186216562986374	 -0.03357754275202751	 -0.0782778412103653	 0.04545994848012924	 0.04333765059709549	 -0.2102644443511963	 0.01574789546430111	TL
4V8P_D1:356-361	-0.0120902294293046	 -0.04484902694821358	 0.19663286209106445	 0.09806983917951584	 0.026478631421923637	 0.04232049360871315	 0.0998925194144249	 0.042415592819452286	 -0.19079983234405518	 -0.15159666538238525	 -0.08048444241285324	 0.3649992048740387	 -0.3067210912704468	 0.1540858894586563	 -0.12127157300710678	 -0.31797412037849426	 0.09094967693090439	 -0.1505066305398941	 -0.014317740686237812	 -0.07917506247758865	 0.08104444295167923	 0.014914813451468945	 0.0386953167617321	 -0.13736319541931152	 0.14194385707378387	 -0.2991257905960083	 -0.06382395327091217	 -0.1751927137374878	 -0.21506367623806	 -0.057607218623161316	 0.10590362548828125	 0.16544663906097412	 -0.015081982128322124	 0.3173016905784607	 0.17954303324222565	 0.016587233170866966	 -0.2510567903518677	 -0.23045718669891357	 -0.05513250455260277	 0.00713241845369339	 -0.03624579682946205	 0.1026080921292305	 0.08261227607727051	 0.21481817960739136	 -0.059709835797548294	 -0.212389275431633	 0.16193540394306183	 0.24082577228546143	 0.3033261299133301	 0.03953823447227478	 -0.34729552268981934	 0.004826825112104416	 -0.013565145432949066	 0.12187597900629044	 0.02030324377119541	 0.04462379589676857	 -0.23973612487316132	 -0.1210739016532898	 -0.2211398333311081	 -0.061070870608091354	 0.07223604619503021	 0.09452817589044571	 -0.0542890727519989	 -0.08695287257432938	GNRA
1Q96_A:13-18	0.13237307965755463	 -0.18769927322864532	 0.08937855809926987	 -0.023596137762069702	 -0.20481698215007782	 0.010438308119773865	 0.06047235056757927	 -0.060015738010406494	 -0.24419915676116943	 -0.08190197497606277	 0.07543012499809265	 0.20990215241909027	 -0.1874256730079651	 0.06043258309364319	 -0.01586001180112362	 -0.07832057029008865	 -0.030194886028766632	 -0.1912732571363449	 -0.0831354409456253	 -0.19385743141174316	 -0.00351916067302227	 -0.09559383988380432	 0.027233973145484924	 -0.22266149520874023	 0.15818242728710175	 -0.6103543639183044	 -0.18419180810451508	 -0.131002739071846	 -0.0956764817237854	 -0.15499649941921234	 0.027159178629517555	 0.15653499960899353	 0.19325204193592072	 0.026454979553818703	 0.15312963724136353	 -0.04929736629128456	 -0.3203352689743042	 -0.02501414716243744	 0.16063843667507172	 -0.0009961128234863281	 -0.0463973768055439	 -0.045043304562568665	 0.07234162092208862	 0.2033771276473999	 0.006053037941455841	 -0.1841907948255539	 0.08680053800344467	 0.219390869140625	 0.21223510801792145	 -0.018598755821585655	 -0.1957123726606369	 0.027965208515524864	 0.0019931767601519823	 0.14739270508289337	 0.07136674970388412	 0.15884588658809662	 -0.10570544004440308	 -0.05293337628245354	 -0.010890628211200237	 -0.13529019057750702	 0.12535765767097473	 0.0759623646736145	 -0.3072058856487274	 -0.17649750411510468	GNRA
5T5H_A:401-406	-0.20682324469089508	 -0.0774415135383606	 0.10617630928754807	 0.03678544983267784	 -0.23130978643894196	 0.1651235967874527	 -0.1668919324874878	 0.005393659230321646	 0.3057518005371094	 -0.050106942653656006	 0.3244136571884155	 0.028603531420230865	 -0.010379764251410961	 -0.07719425112009048	 0.39257940649986267	 0.032002855092287064	 -0.16426099836826324	 0.1916055530309677	 0.04768125340342522	 0.12618696689605713	 0.5359428524971008	 -0.14343126118183136	 0.09017343074083328	 0.10733277350664139	 -0.18371839821338654	 0.028145909309387207	 0.3503636121749878	 0.15334276854991913	 -0.08359638601541519	 -0.20799686014652252	 0.2545832395553589	 -0.3072148263454437	 -0.11210707575082779	 -0.09483850002288818	 0.21942740678787231	 0.023126676678657532	 -0.2441965788602829	 -0.0007321040029637516	 0.01359395682811737	 -0.11163242906332016	 0.1684747338294983	 -0.019414203241467476	 -0.08541443198919296	 0.0339604951441288	 0.13032124936580658	 0.2191361039876938	 -0.07693850249052048	 0.14890742301940918	 0.028474843129515648	 0.2083747535943985	 -0.031164176762104034	 0.15587793290615082	 0.18629051744937897	 0.025975750759243965	 0.10910952091217041	 0.18369849026203156	 0.16214163601398468	 0.25448599457740784	 0.03859574720263481	 0.01929820142686367	 0.060294732451438904	 -0.15347851812839508	 0.1012800857424736	 -0.1714991331100464	GNRA
6HA1_a:907-912	-0.09630326181650162	 0.06350784748792648	 -0.2064746767282486	 0.4479459524154663	 -0.03341028094291687	 -0.043832916766405106	 -0.013859516941010952	 0.1686508059501648	 0.0433616042137146	 -0.01638556830585003	 0.10325244814157486	 -0.11292427033185959	 -0.0072034671902656555	 0.3393758237361908	 -0.11904257535934448	 0.12924040853977203	 0.17073039710521698	 -0.011480208486318588	 0.10032717138528824	 -0.2565723955631256	 0.1369599848985672	 0.05438585951924324	 0.05520251765847206	 0.11286845803260803	 -0.06251070648431778	 0.2733382284641266	 -0.10778602212667465	 0.0003260597586631775	 0.02521061897277832	 -0.03502677381038666	 0.005797788500785828	 0.2103140503168106	 -0.21202583611011505	 0.12041521072387695	 0.059899892657995224	 -0.02260717935860157	 0.19846004247665405	 -0.11536125093698502	 0.06916451454162598	 -0.33793386816978455	 -0.12548328936100006	 0.016068637371063232	 -0.06138361617922783	 0.06318046897649765	 0.17589569091796875	 -0.04011852666735649	 0.026294345036149025	 -0.2509441673755646	 0.021629629656672478	 -0.2845477759838104	 -0.07718238979578018	 0.031249353662133217	 -0.06045478209853172	 -0.055814068764448166	 -0.19088499248027802	 -0.11506912112236023	 -0.016428550705313683	 0.00011513972276588902	 -0.36064624786376953	 0.004519215319305658	 -0.0965346097946167	 0.0593746155500412	 0.4608360528945923	 0.26866641640663147	GNRA
4Y4O_2A:1363-1368	0.05044110491871834	 0.04852546378970146	 -0.08372239023447037	 0.29216423630714417	 -0.1969061940908432	 0.006015284452587366	 0.10198613256216049	 0.050244059413671494	 -0.1503821611404419	 0.13363760709762573	 0.08390983194112778	 -0.19486194849014282	 -0.11607112735509872	 -0.19769887626171112	 0.21653075516223907	 0.48463520407676697	 -0.1898963302373886	 -0.16416706144809723	 0.1602223664522171	 -0.07302742451429367	 -0.11690815538167953	 0.18928636610507965	 -0.2578788995742798	 0.09758851677179337	 -0.25360870361328125	 -0.08406547456979752	 -0.03536561504006386	 -0.24959754943847656	 0.17542345821857452	 0.024064838886260986	 -0.18296782672405243	 0.12372157722711563	 0.0688568577170372	 -0.18880146741867065	 0.0405980609357357	 -0.09509885311126709	 -0.05141952261328697	 0.3578973710536957	 -0.1227743849158287	 0.2074570506811142	 -0.1207374632358551	 -0.10434361547231674	 -0.04630523920059204	 0.2881770133972168	 0.044893886893987656	 0.2377294898033142	 -0.19021068513393402	 -0.21533429622650146	 -0.08127696067094803	 0.015047094784677029	 -0.06223523989319801	 0.09071940928697586	 -0.11354092508554459	 0.0831604078412056	 0.04824244976043701	 0.04461849853396416	 0.18975569307804108	 0.032377392053604126	 0.17273259162902832	 0.2161656618118286	 0.030584504827857018	 -0.06606382876634598	 0.18390174210071564	 -0.010426685214042664	GNRA
5TBW_1:2744-2749	0.041031017899513245	 -0.0781797245144844	 0.10897406190633774	 -0.2034701555967331	 0.028220368549227715	 -0.02531609870493412	 -0.01205755490809679	 0.023878002539277077	 -0.1899130791425705	 -0.32281526923179626	 0.09045065194368362	 0.26478311419487	 -0.24066556990146637	 0.1731216460466385	 -0.2301245927810669	 -0.15626506507396698	 -0.011394190602004528	 -0.07262593507766724	 0.020258648321032524	 -0.004742200020700693	 0.09018642455339432	 0.06719952076673508	 0.2563489079475403	 -0.19675342738628387	 0.1298755407333374	 -0.38912689685821533	 -0.026321271434426308	 -0.05046356841921806	 -0.4136700928211212	 -0.09359902143478394	 0.10245201736688614	 0.1943783313035965	 -0.041987333446741104	 0.2115364819765091	 0.1499146670103073	 -0.13077370822429657	 -0.28756260871887207	 -0.05714268609881401	 -0.25021979212760925	 -0.029525026679039	 -0.15974949300289154	 -0.012917433865368366	 0.21159370243549347	 0.056596700102090836	 -0.12522654235363007	 -0.02964186854660511	 0.1471969336271286	 0.2093372344970703	 0.23305384814739227	 0.1009974256157875	 -0.39259254932403564	 -0.0585501529276371	 0.10770437121391296	 0.05913547798991203	 -0.02184402383863926	 0.11759225279092789	 -0.2615882456302643	 -0.17113830149173737	 0.0436052568256855	 0.058886636048555374	 0.2785252034664154	 0.025288773700594902	 -0.10645077377557755	 -0.19525878131389618	GNRA
4V9F_0:1628-1633	0.24167875945568085	 0.07731092721223831	 0.12569062411785126	 -0.018435874953866005	 -0.05770429968833923	 -0.13627386093139648	 -0.016177741810679436	 -0.05396166816353798	 -0.15891754627227783	 0.3750622570514679	 0.14742620289325714	 0.15390139818191528	 -0.017594555392861366	 -0.05938957259058952	 -0.18006204068660736	 0.15320102870464325	 0.20040132105350494	 -0.0013031096896156669	 -0.14423765242099762	 -0.010069120675325394	 -0.5053719878196716	 -0.14763376116752625	 -0.013646786101162434	 0.2936559021472931	 0.011090416461229324	 -0.10925141721963882	 -0.07746539264917374	 -0.1197722777724266	 0.2887943983078003	 0.03255162760615349	 0.03771361708641052	 -0.6010698676109314	 0.1783873289823532	 0.12452349811792374	 -0.1893581748008728	 0.3059941232204437	 0.10655476897954941	 -0.2532595694065094	 -0.12691344320774078	 0.04413590952754021	 0.05511912703514099	 0.1027970090508461	 0.01680518127977848	 -0.04626941680908203	 -0.1739441305398941	 0.09942593425512314	 -0.10685041546821594	 -0.4315885603427887	 -0.028501098975539207	 -0.17845462262630463	 -0.11744201928377151	 -0.06545882672071457	 0.17584824562072754	 -0.027193306013941765	 0.04090305045247078	 -0.07472752779722214	 -0.03132786229252815	 0.1342431604862213	 0.2506447732448578	 0.21773512661457062	 -0.07779943197965622	 0.11324984580278397	 -0.0752277597784996	 -0.14541150629520416	GNRA
3OXE_A:49-54	0.2526796758174896	 0.11673810333013535	 0.09850732237100601	 0.18690641224384308	 -0.1638915091753006	 -0.14182442426681519	 -0.08882419019937515	 -0.1379779428243637	 0.01976311206817627	 0.2768060266971588	 0.12056770920753479	 0.12211209535598755	 -0.03736937418580055	 -0.06320604681968689	 -0.22177553176879883	 0.04427139088511467	 0.137747660279274	 0.12420514225959778	 -0.022069020196795464	 -0.014767023734748363	 -0.44681015610694885	 -0.2141217589378357	 -0.09381618350744247	 0.21051840484142303	 0.13768227398395538	 -0.05220447853207588	 -0.22896547615528107	 -0.1260739117860794	 0.28597116470336914	 -0.016870839521288872	 0.03439567610621452	 -0.5471127033233643	 0.27170562744140625	 -0.028380215167999268	 -0.042203638702631	 0.17399948835372925	 -0.045916829258203506	 -0.15209577977657318	 0.005159005522727966	 0.005369238555431366	 -0.024673521518707275	 -0.020948955789208412	 -0.00989012885838747	 -0.08549666404724121	 -0.06200582906603813	 0.18853168189525604	 0.008229424245655537	 -0.26467612385749817	 -0.03660674765706062	 -0.24355065822601318	 -0.21448397636413574	 -0.055589016526937485	 0.07400339096784592	 -0.03570346161723137	 0.0013358741998672485	 0.03641640022397041	 0.11040854454040527	 0.11941766738891602	 0.2743317484855652	 0.06590337306261063	 -0.16980688273906708	 0.22856909036636353	 -0.16580188274383545	 -0.06568175554275513	GNRA
5AJ0_Bv:53-61	0.07084905356168747	 0.018686998635530472	 0.040329836308956146	 -0.03659965097904205	 0.004060653503984213	 0.007424215320497751	 -0.058069858700037	 0.03671107068657875	 0.08516084402799606	 -0.02277509495615959	 -0.18745461106300354	 0.06220477074384689	 0.08901198953390121	 -0.08600664138793945	 0.10882747173309326	 -0.16454096138477325	 -0.09789831191301346	 -0.004924515727907419	 -0.10029036551713943	 0.01812354102730751	 -0.1089206114411354	 0.029978815466165543	 -0.14335285127162933	 -0.06755881756544113	 -0.03247348591685295	 0.1539085954427719	 -0.06878697872161865	 0.10312850773334503	 0.009609561413526535	 0.1362471580505371	 0.0030850470066070557	 0.15905311703681946	 -0.06400496512651443	 -0.023017754778265953	 -0.12782102823257446	 -0.10458769649267197	 0.10443495213985443	 -0.0245578084141016	 -0.0671343207359314	 0.07073152810335159	 0.07447637617588043	 0.17184990644454956	 -0.10244501382112503	 -0.007007491309195757	 0.03299184888601303	 -0.06755024939775467	 0.07521241158246994	 0.14703097939491272	 -0.050568003207445145	 0.027801480144262314	 0.17425687611103058	 -0.010001825168728828	 -0.09182114899158478	 -0.07191064953804016	 0.14947110414505005	 -0.08494053781032562	 0.04173722490668297	 -0.21426574885845184	 0.0026766492519527674	 -0.0011053490452468395	 -0.05824771150946617	 0.07943440973758698	 -0.22423775494098663	 0.031160840764641762	TL
5M0I_F:12-17	0.06727231293916702	 -0.23237699270248413	 -0.18790900707244873	 -0.17315520346164703	 0.09625127911567688	 -0.11297426372766495	 0.1901218742132187	 0.007285436149686575	 0.04711388424038887	 0.12011441588401794	 0.11666377633810043	 -0.06922917068004608	 -0.1029549241065979	 0.2593441903591156	 0.1872730702161789	 0.4026931822299957	 0.2549956738948822	 -0.047235894948244095	 -0.15907777845859528	 -0.061020076274871826	 0.13821546733379364	 -0.05679003894329071	 -0.11065713316202164	 0.3205263614654541	 -0.3071431517601013	 0.1973540335893631	 -0.24550123512744904	 -0.13941434025764465	 -0.1106889545917511	 0.06726839393377304	 -0.2152276188135147	 0.48625192046165466	 0.3866041600704193	 -0.023720016703009605	 -0.0017287234077230096	 0.01722542569041252	 0.1412809044122696	 0.16417060792446136	 -0.04188205301761627	 -0.012304446659982204	 -0.32669731974601746	 -0.02260591648519039	 -0.21162235736846924	 -0.03057476319372654	 0.05152244493365288	 0.2842392027378082	 -0.0001550366432638839	 -0.24977247416973114	 -0.023568594828248024	 -0.2681424617767334	 -0.08645453304052353	 -0.005242010112851858	 0.2834954559803009	 -0.379584938287735	 0.043801065534353256	 0.047178834676742554	 0.05197096988558769	 0.008113051764667034	 -0.12314429879188538	 0.10696789622306824	 -0.19957637786865234	 0.1556522399187088	 0.2121785432100296	 0.21514809131622314	GNRA
4V8P_D1:2215-2220	-0.08279962092638016	 0.005913024302572012	 0.023755645379424095	 0.4078250229358673	 0.09307394176721573	 -0.10743245482444763	 0.12508796155452728	 0.08807355165481567	 -0.006015773396939039	 0.054697245359420776	 -0.028464490547776222	 0.052367180585861206	 -0.15845562517642975	 0.24487648904323578	 -0.14308319985866547	 0.12440470606088638	 0.08512184768915176	 0.035792335867881775	 0.0918169915676117	 -0.20388931035995483	 -0.09927339106798172	 -0.10963030904531479	 0.0008971293573267758	 0.19932787120342255	 -0.11679244786500931	 0.16199801862239838	 -0.1617121547460556	 0.09230369329452515	 -0.044594332575798035	 0.31566765904426575	 -0.07304858416318893	 0.38187897205352783	 -0.03359024226665497	 0.08913318067789078	 0.12204453349113464	 0.04181946814060211	 0.1928078681230545	 -0.07613878697156906	 -0.030072322115302086	 -0.2652544677257538	 -0.09621640294790268	 0.037190914154052734	 -0.06467916071414948	 0.09678594022989273	 0.06658970564603806	 -0.05980265513062477	 -0.016163840889930725	 -0.1179402694106102	 -0.06099313497543335	 -0.24970604479312897	 -0.22055397927761078	 0.13909004628658295	 0.0677541196346283	 0.06864643841981888	 -0.11118825525045395	 0.08296874910593033	 -0.09184619039297104	 -0.058898840099573135	 -0.42975279688835144	 0.006094145122915506	 -0.27195852994918823	 0.20531786978244781	 0.22913499176502228	 0.43764516711235046	GNRA
6DN2_X:17-25	-0.13143953680992126	 -0.26826366782188416	 -0.0871943011879921	 -0.14555606245994568	 0.037474051117897034	 -0.025535427033901215	 0.062096621841192245	 0.04223344847559929	 0.03525867685675621	 0.028388457372784615	 -0.40829694271087646	 0.145948588848114	 0.03346126154065132	 -0.0483163520693779	 0.15119880437850952	 -0.0305483341217041	 -0.06489507853984833	 -0.022423943504691124	 -0.013140863738954067	 -0.03951258584856987	 -0.07010450959205627	 0.17027108371257782	 -0.26381611824035645	 -0.23844045400619507	 0.18491171300411224	 0.2740532159805298	 0.17095305025577545	 -0.045158710330724716	 0.010318093933165073	 0.27061596512794495	 0.044093020260334015	 -0.05514482408761978	 -0.1149815022945404	 -0.19428284466266632	 -0.023593701422214508	 -0.0489300899207592	 0.029604408890008926	 -0.01263331901282072	 0.18705742061138153	 0.024922112002968788	 0.03368837758898735	 -0.1456727385520935	 -0.028942300006747246	 -0.03023298643529415	 0.00662661250680685	 -0.1285841017961502	 -0.014554351568222046	 -0.03716043755412102	 -0.013295344077050686	 -0.16647107899188995	 -0.007387877441942692	 0.07035262137651443	 -0.066941037774086	 -0.013172809965908527	 -0.025956137105822563	 -0.20395255088806152	 -0.07879039645195007	 -0.03074156492948532	 -0.1054222583770752	 -0.025776125490665436	 -0.12930981814861298	 -0.07310488820075989	 -0.1970015913248062	 0.043090131133794785	TL
3J7Q_5:393-398	0.07333306223154068	 -0.14044764637947083	 0.11993810534477234	 -0.12574736773967743	 -0.13581210374832153	 0.066856749355793	 -0.004812723025679588	 -0.08743945509195328	 -0.11580029875040054	 -0.3832005560398102	 0.1533084362745285	 0.22911708056926727	 -0.28449979424476624	 0.16029901802539825	 -0.14473856985569	 -0.21081626415252686	 -0.02533714473247528	 -0.12539789080619812	 -0.13849592208862305	 0.019262878224253654	 0.07060959190130234	 -0.07726804167032242	 0.1536739617586136	 -0.23025928437709808	 0.2664869725704193	 -0.589948832988739	 -0.12671731412410736	 -0.03835606202483177	 -0.316191703081131	 -0.13928313553333282	 0.04173750802874565	 0.2087983936071396	 0.09249904006719589	 0.08910000324249268	 0.12144788354635239	 -0.16871540248394012	 -0.32257914543151855	 0.018557434901595116	 -0.03529445827007294	 -0.021519875153899193	 -0.04410514235496521	 -0.050317347049713135	 0.1760035753250122	 0.13395901024341583	 -0.0612698532640934	 -0.04291222617030144	 0.24820254743099213	 0.1792537122964859	 0.1523943394422531	 0.0923590436577797	 -0.2916114628314972	 0.01301210094243288	 0.053611356765031815	 -0.006625960115343332	 0.06942099332809448	 0.16140466928482056	 -0.21961085498332977	 -0.14821757376194	 0.014887213706970215	 -0.08909044414758682	 0.23402638733386993	 -0.016719287261366844	 -0.1683298945426941	 -0.19835875928401947	GNRA
3RW6_H:27-32	0.35347938537597656	 0.13031108677387238	 0.08402130752801895	 0.03910212218761444	 -0.22024613618850708	 -0.14482297003269196	 -0.06843863427639008	 -0.138471320271492	 -0.049275849014520645	 0.3294604420661926	 0.08828312158584595	 0.05989960953593254	 -0.08610803633928299	 -0.03918077424168587	 -0.1649244874715805	 0.113679438829422	 0.1833200454711914	 0.06209791079163551	 -0.16796785593032837	 -0.01308231521397829	 -0.3926440179347992	 -0.18805353343486786	 -0.03154527768492699	 0.23601394891738892	 0.03930338844656944	 -0.07335808873176575	 -0.13566555082798004	 -0.14608658850193024	 0.3115716278553009	 -0.07835269719362259	 -0.001575430273078382	 -0.5320000648498535	 0.0946834459900856	 0.0747607871890068	 -0.176291361451149	 0.2187248319387436	 0.10507597774267197	 -0.22323018312454224	 -0.15809164941310883	 0.021284105256199837	 -0.1161176785826683	 0.11625941842794418	 -0.04653428867459297	 -0.05992238223552704	 -0.16044801473617554	 0.2706258296966553	 0.024984562769532204	 -0.3157074749469757	 -0.12022144347429276	 -0.28561487793922424	 -0.01733340509235859	 -0.13832472264766693	 0.19634370505809784	 -0.08398275822401047	 -0.0019414772978052497	 -0.044091641902923584	 0.010348397307097912	 0.08343934267759323	 0.38580015301704407	 0.2301512509584427	 -0.11328253895044327	 0.09892896562814713	 -0.11566557735204697	 -0.09423396736383438	GNRA
4NLF_A:2658-2663	0.08277774602174759	 -0.2576647996902466	 -0.1407427340745926	 0.08183949440717697	 0.11208079010248184	 0.1283046156167984	 -0.18871496617794037	 -0.08193104714155197	 0.32707831263542175	 0.17752860486507416	 0.3248578906059265	 -0.02445884980261326	 -0.28121134638786316	 0.4112646281719208	 0.27223488688468933	 0.16620087623596191	 0.22580347955226898	 0.12272151559591293	 -0.2059183120727539	 0.141122967004776	 0.45081186294555664	 -0.1981658935546875	 -0.21045798063278198	 0.07110144942998886	 -0.15755309164524078	 -0.0236897524446249	 -0.024747783318161964	 0.03491267189383507	 -0.09009530395269394	 -0.12549211084842682	 -0.19744868576526642	 0.20901405811309814	 0.09035489708185196	 0.3609718382358551	 0.042646314948797226	 -0.04644700884819031	 -0.1574079841375351	 -0.01573757827281952	 0.09754834324121475	 0.12237861007452011	 0.03608420863747597	 -0.1712474226951599	 -0.40751194953918457	 -0.20098908245563507	 0.2992112338542938	 -0.0394083671271801	 -0.04931582883000374	 -0.0694890096783638	 0.11086121946573257	 -0.06992857903242111	 0.01997978612780571	 0.21312308311462402	 0.17097555100917816	 -0.21795214712619781	 0.21703886985778809	 -0.23377735912799835	 0.0577131025493145	 0.2961643934249878	 0.08576786518096924	 -0.125252828001976	 -0.030996957793831825	 0.0786905288696289	 0.35811105370521545	 -0.09783425182104111	GNRA
5O60_A:575-580	0.13374152779579163	 -0.09735754877328873	 -0.13639460504055023	 0.3998301923274994	 0.09095600992441177	 -0.4033455550670624	 0.2603182792663574	 0.03958508372306824	 -0.21791134774684906	 0.15041637420654297	 0.2374378889799118	 0.09463533759117126	 -0.37687715888023376	 0.03820081055164337	 0.09792199730873108	 0.33774664998054504	 0.3310767114162445	 -0.16659660637378693	 -0.01644125021994114	 -0.3236318528652191	 0.0968346893787384	 0.11330925673246384	 -0.3810950815677643	 -0.06785193085670471	 -0.09934403747320175	 -0.04524633288383484	 -0.08773720264434814	 -0.02266351692378521	 0.13057772815227509	 0.12946327030658722	 -0.38947680592536926	 0.31149962544441223	 0.014471541158854961	 -0.03187069296836853	 -0.21990381181240082	 -0.09155441075563431	 -0.06860219687223434	 0.2741267681121826	 0.30610406398773193	 -0.004446275532245636	 0.02951548993587494	 0.08802559226751328	 -0.08396923542022705	 0.2387256771326065	 0.329356849193573	 0.21158568561077118	 -0.1721978783607483	 -0.13556799292564392	 0.06973183155059814	 0.009497947059571743	 0.26728323101997375	 0.265736848115921	 -0.09092960506677628	 -0.0024362404365092516	 0.2105673998594284	 -0.30280396342277527	 0.19637341797351837	 0.21947258710861206	 0.08925839513540268	 0.1740192174911499	 -0.1573515683412552	 0.0188829954713583	 0.34675732254981995	 0.03641723096370697	GNRA
1GAX_D:952-960	-0.007364647462964058	 -0.03660708665847778	 0.04330793395638466	 -0.07989396154880524	 0.10725539922714233	 0.006340980529785156	 0.033133380115032196	 -0.0553135871887207	 0.0007348876097239554	 0.07107831537723541	 -0.05701737105846405	 0.11267969012260437	 0.025063181295990944	 -0.04452382028102875	 0.0730968490242958	 -0.037561431527137756	 0.019602082669734955	 -0.012430936098098755	 0.009833859279751778	 -0.07996118068695068	 -0.217430979013443	 0.05521787330508232	 -0.14443935453891754	 -0.15522734820842743	 0.00016372071695514023	 0.20993736386299133	 -0.021930595859885216	 0.06580696254968643	 -0.06798098236322403	 0.15472325682640076	 -0.08662214875221252	 0.1455145925283432	 -0.12715865671634674	 -0.14128518104553223	 -0.14421215653419495	 -0.07630065083503723	 0.1186777651309967	 -0.0750248059630394	 0.0037708203308284283	 0.06668595969676971	 -0.018346985802054405	 0.11886138468980789	 -0.09030255675315857	 -0.0398867130279541	 -0.053865764290094376	 -0.13591942191123962	 -0.08368556946516037	 0.27824243903160095	 -0.10438700765371323	 0.1263003647327423	 0.1754956990480423	 -0.025852395221590996	 -0.0757177397608757	 -0.012777050025761127	 0.01855659857392311	 -0.08706286549568176	 -0.11541961133480072	 -0.1101471483707428	 -0.02959013357758522	 -0.05917069688439369	 -0.004659023601561785	 -0.06051662191748619	 -0.10600045323371887	 0.15858246386051178	TL
6HA8_x:53-61	0.018745355308055878	 -0.062179699540138245	 0.06536164879798889	 -0.0582614466547966	 0.0962238535284996	 0.011508130468428135	 0.06470868736505508	 -0.07479967176914215	 -0.016170918941497803	 0.0840056836605072	 -0.03833286836743355	 0.13579437136650085	 0.0354437455534935	 -0.07587207853794098	 0.08413925766944885	 -0.0611567348241806	 0.045351460576057434	 0.004909952636808157	 0.025714389979839325	 -0.0576055645942688	 -0.213416188955307	 0.09894073009490967	 -0.17588600516319275	 -0.15440595149993896	 0.018060581758618355	 0.17646904289722443	 -0.022443532943725586	 0.09682819247245789	 -0.10375593602657318	 0.174416646361351	 -0.0739130824804306	 0.1613507717847824	 -0.14136192202568054	 -0.19537045061588287	 -0.1335616409778595	 -0.05026222765445709	 0.14719411730766296	 -0.0988922268152237	 -0.0032204953022301197	 0.07062943279743195	 -0.0033914579544216394	 0.10082918405532837	 -0.09342166781425476	 -0.04452231898903847	 -0.05129331722855568	 -0.11489077657461166	 -0.08102133870124817	 0.2736167013645172	 -0.0603768564760685	 0.13399143517017365	 0.15710130333900452	 -0.03917514905333519	 -0.09362532943487167	 0.0008608682546764612	 0.015714675188064575	 -0.11201582849025726	 -0.15095263719558716	 -0.0679473951458931	 0.009612360037863255	 -0.05742210894823074	 -0.032155755907297134	 -0.07478150725364685	 -0.07279613614082336	 0.17088347673416138	TL
5HR6_C:52-60	0.04221144691109657	 -0.11393933743238449	 0.09950325638055801	 -0.10324292629957199	 0.08540230244398117	 -0.03434019535779953	 -0.09783312678337097	 0.0410321019589901	 0.004195547197014093	 -0.017055070027709007	 -0.20433665812015533	 0.18908368051052094	 0.12480413913726807	 0.001918648718856275	 0.10124792158603668	 -0.02828756347298622	 -0.030559947714209557	 0.06891759485006332	 -0.012203090824186802	 -0.09725779294967651	 -0.2648560404777527	 0.06802967190742493	 -0.13950911164283752	 -0.1455453336238861	 0.05103632062673569	 0.2366274744272232	 0.11857913434505463	 0.004792921245098114	 -0.002319004852324724	 0.13246139883995056	 -0.13692988455295563	 0.0936538502573967	 -0.1291603147983551	 -0.1058681309223175	 -0.12160757184028625	 -0.06909850984811783	 0.17017680406570435	 -0.15236765146255493	 -0.032981906086206436	 0.06447318196296692	 -0.14042477309703827	 0.06075064465403557	 -0.0868469774723053	 -0.03982798755168915	 -0.03912535682320595	 -0.09478538483381271	 0.02710641734302044	 0.3049035668373108	 -0.033992595970630646	 0.08960837125778198	 0.30611246824264526	 0.07718828320503235	 -0.06293793022632599	 0.07386557012796402	 0.038111016154289246	 -0.11937354505062103	 -0.11458224803209305	 -0.22011245787143707	 0.03950425609946251	 0.02996739372611046	 -0.03809631988406181	 -0.03856312483549118	 -0.13923299312591553	 0.17954282462596893	TL
1UN6_F:82-94	0.2085145115852356	 0.08408685773611069	 0.10257070511579514	 0.25342419743537903	 -0.18784211575984955	 -0.1646583080291748	 -0.08911856263875961	 -0.07003971189260483	 -0.03882246091961861	 0.34835055470466614	 0.21842904388904572	 0.05404573678970337	 -0.007411038037389517	 -0.05268578603863716	 -0.23637235164642334	 0.14464984834194183	 0.15257199108600616	 0.033776603639125824	 0.033003561198711395	 -0.055760014802217484	 -0.5319100022315979	 -0.20476432144641876	 -0.13610196113586426	 0.2489585131406784	 0.20262135565280914	 -0.0306877288967371	 -0.23903566598892212	 -0.1341567188501358	 0.25031042098999023	 -0.047923702746629715	 0.08724524825811386	 -0.5047681331634521	 0.2781864106655121	 -0.01745154894888401	 0.017744703218340874	 0.16489547491073608	 -0.06207423284649849	 -0.14485152065753937	 0.11553072929382324	 0.05846421793103218	 0.0015652775764465332	 -0.0817578062415123	 0.0705031156539917	 -0.049693625420331955	 -0.03917665407061577	 0.22152750194072723	 -0.107327900826931	 -0.30718958377838135	 -0.006622299551963806	 -0.22892843186855316	 -0.23737536370754242	 0.031518708914518356	 0.1377440243959427	 -0.028247276321053505	 0.04499836266040802	 0.06490755826234818	 0.12626990675926208	 0.03860781714320183	 0.31165647506713867	 0.09957954287528992	 -0.15987040102481842	 0.2360551506280899	 -0.20143193006515503	 -0.07927470654249191	GNRA
5T5H_A:842-847	-0.023398255929350853	 0.011961810290813446	 0.06573139876127243	 -0.17189116775989532	 0.21586112678050995	 -0.0174583587795496	 0.020527945831418037	 0.14219707250595093	 -0.2311515361070633	 -0.2272440791130066	 0.0900677740573883	 0.28828164935112	 -0.22504766285419464	 0.09810003638267517	 -0.19060511887073517	 -0.16896076500415802	 0.05906585976481438	 -0.1406702846288681	 0.05043364688754082	 0.04974683001637459	 0.1426582783460617	 0.1993352174758911	 0.2547895014286041	 -0.06827089935541153	 0.010133358649909496	 -0.37092316150665283	 0.031119713559746742	 -0.012115617282688618	 -0.4168873131275177	 -0.02713320590555668	 0.12195131927728653	 0.16121838986873627	 -0.06006491556763649	 0.34638580679893494	 0.08825838565826416	 -0.056638676673173904	 -0.2560426592826843	 -0.08798033744096756	 -0.3171091377735138	 0.03581610321998596	 -0.09230118989944458	 0.06817347556352615	 0.1954900175333023	 0.0044209896586835384	 -0.15310876071453094	 -0.078132264316082	 -0.006951192859560251	 0.20280742645263672	 0.23254340887069702	 0.16600261628627777	 -0.44660136103630066	 -0.1100650504231453	 0.04948827624320984	 0.07597636431455612	 -0.014431863091886044	 0.12363409250974655	 -0.30062738060951233	 -0.130136638879776	 0.006495863199234009	 0.10221131891012192	 0.348471075296402	 0.04049854353070259	 -0.06009316071867943	 -0.16220782697200775	GNRA
4V8P_D1:194-201	0.06878423690795898	 -0.12380951642990112	 0.11519885808229446	 -0.15680520236492157	 -0.05813029408454895	 -0.0075522176921367645	 -0.05864555016160011	 -0.09840155392885208	 0.0034897252917289734	 -0.17384187877178192	 -0.25129395723342896	 0.17622506618499756	 0.027521580457687378	 -0.05313850939273834	 0.0008626747876405716	 -0.23815815150737762	 -0.06422761082649231	 -0.2556382417678833	 -0.1829167604446411	 0.2471073865890503	 -0.1161348819732666	 0.10185492038726807	 -0.012165906839072704	 -0.29514339566230774	 0.14802959561347961	 -0.03583764284849167	 0.22167998552322388	 0.017146173864603043	 -0.18617837131023407	 0.12701089680194855	 0.03395984321832657	 0.010067153722047806	 -0.11620775610208511	 0.08707480132579803	 0.20037762820720673	 0.08641200512647629	 -0.14160564541816711	 -0.08463387936353683	 0.14581792056560516	 0.18877795338630676	 -0.03970892354846001	 0.09681717306375504	 0.2087705433368683	 0.04619374871253967	 0.19054436683654785	 -0.04911176860332489	 0.2665388286113739	 0.21396952867507935	 -0.007914924062788486	 -0.16867151856422424	 -0.2063503861427307	 0.28574633598327637	 -0.23929208517074585	 -0.06434875726699829	 0.016399290412664413	 -0.07572518289089203	 -0.1598462164402008	 0.05358397215604782	 -0.016375387087464333	 0.050546467304229736	 -0.04726109653711319	 -0.07096097618341446	 -0.25843560695648193	 0.09262649714946747	TL
3KFU_L:53-61	0.007817719131708145	 0.0012014226522296667	 0.017262212932109833	 -0.03288658708333969	 -0.07158578932285309	 -0.016287563368678093	 -0.01811748370528221	 -0.055561959743499756	 0.11975211650133133	 -0.06434908509254456	 -0.0719994604587555	 -0.00047933723544701934	 0.03615491837263107	 -0.023868832737207413	 0.0711045116186142	 -0.11910661309957504	 -0.1106121838092804	 -0.018196003511548042	 -0.07972820848226547	 -0.013440377078950405	 -0.1867278814315796	 -0.038154613226652145	 -0.15258611738681793	 -0.160568505525589	 0.049254246056079865	 0.18877212703227997	 -0.12256184965372086	 0.0057904100976884365	 0.05372600257396698	 -0.028898417949676514	 -0.03633267804980278	 0.17163237929344177	 -0.005853292066603899	 -0.058763835579156876	 -0.08423604816198349	 -0.10737058520317078	 0.04255500063300133	 0.03931012377142906	 -0.00530997384339571	 -0.048743631690740585	 -0.00268934085033834	 0.11174866557121277	 -0.057702939957380295	 0.013563967309892178	 -0.020807014778256416	 -0.0438685268163681	 0.08205679804086685	 0.19649286568164825	 -0.11699339747428894	 0.056800443679094315	 0.22539888322353363	 -0.02117718942463398	 0.029410086572170258	 -0.08057025820016861	 0.07295587658882141	 -0.07676757872104645	 0.0017347303219139576	 -0.2859923243522644	 -0.02026566118001938	 -0.07798755168914795	 -0.03263425454497337	 0.04474983364343643	 -0.17811354994773865	 -0.0017908248119056225	TL
2AZX_D:553-561	0.020319461822509766	 0.04141177609562874	 -0.017168790102005005	 -0.05718082934617996	 -0.002055658958852291	 0.026441387832164764	 0.02059759944677353	 -0.06088697910308838	 0.08351430296897888	 -0.0498492456972599	 -0.045302245765924454	 -0.050155919045209885	 0.07011708617210388	 -0.09638009965419769	 0.05458708852529526	 -0.1665615737438202	 -0.12974272668361664	 -0.055402085185050964	 -0.07878647744655609	 0.006363885477185249	 -0.18518318235874176	 -0.033848926424980164	 -0.1418897807598114	 -0.12085840106010437	 0.0157930925488472	 0.18460632860660553	 -0.24062633514404297	 0.07396505773067474	 0.016177739948034286	 0.04338197037577629	 -0.024792350828647614	 0.15513426065444946	 0.06936600804328918	 -0.0028705191798508167	 -0.08302035182714462	 -0.06753579527139664	 0.049759406596422195	 0.05639631301164627	 0.002476061461493373	 -0.021873436868190765	 0.13286085426807404	 0.1664447784423828	 -0.02796557918190956	 0.029116898775100708	 0.0594058632850647	 -0.0603296160697937	 0.08910531550645828	 0.16167771816253662	 -0.15493924915790558	 0.08494586497545242	 0.15600663423538208	 -0.04094298556447029	 -0.011484370566904545	 -0.102235347032547	 0.11993760615587234	 -0.09894290566444397	 0.04667427018284798	 -0.25999242067337036	 -0.062130656093358994	 -0.10718528181314468	 0.005700399633497	 0.07954203337430954	 -0.2230190485715866	 -0.008448432199656963	TL
6D90_3:64-72	-0.0008772214059717953	 -0.03312689810991287	 0.059082549065351486	 -0.12205640226602554	 0.16616183519363403	 0.038648977875709534	 0.13134121894836426	 -0.0928669273853302	 -0.06936456263065338	 0.1457662731409073	 -0.0050410255789756775	 0.124991774559021	 -0.008884551003575325	 -0.08287939429283142	 0.09642871469259262	 -0.04649237170815468	 0.05191190540790558	 -0.024495895951986313	 0.030724572017788887	 -0.07301746308803558	 -0.25582632422447205	 0.10811511427164078	 -0.17164380848407745	 -0.12578660249710083	 0.004675378557294607	 0.17324000597000122	 -0.014876170083880424	 0.09515494853258133	 -0.1267639845609665	 0.25627705454826355	 -0.08551111817359924	 0.15566688776016235	 -0.14957985281944275	 -0.15807519853115082	 -0.1538769006729126	 -0.01246731262654066	 0.15360379219055176	 -0.09086869657039642	 -0.012853872030973434	 0.0887884795665741	 0.05190350115299225	 0.11475995928049088	 -0.07515876740217209	 -0.06442845612764359	 -0.06483970582485199	 -0.17351137101650238	 -0.13165396451950073	 0.2827126383781433	 -0.08340360224246979	 0.2016274333000183	 0.14216813445091248	 -0.05867592990398407	 -0.14006665349006653	 -0.003348098136484623	 0.019767582416534424	 -0.10641533881425858	 -0.1661640703678131	 -0.015208480879664421	 -0.05911881476640701	 -0.07441335916519165	 -0.01479561161249876	 -0.09843645244836807	 -0.07297897338867188	 0.23505493998527527	TL
4QK8_A:13-18	0.06560874730348587	 -0.1275295466184616	 -0.2997034788131714	 -0.26921501755714417	 0.005735350307077169	 0.026625311002135277	 0.04481883719563484	 0.019402747973799706	 0.2285163551568985	 0.08347063511610031	 0.2296956181526184	 -0.2339669018983841	 0.07574263960123062	 0.3678473234176636	 -0.007042333483695984	 0.30573222041130066	 0.3382907807826996	 0.012495805509388447	 -0.11090117692947388	 -0.06310373544692993	 0.42996451258659363	 -0.03250827267765999	 0.0006191246211528778	 0.18074075877666473	 -0.24864129722118378	 0.2596643269062042	 -0.11482277512550354	 -0.11603621393442154	 -0.06588209420442581	 -0.2155807465314865	 -0.058249324560165405	 0.35731008648872375	 0.17914359271526337	 0.06871156394481659	 0.0637408122420311	 0.023795917630195618	 0.048463862389326096	 0.016600066795945168	 0.004488453269004822	 -0.14787763357162476	 -0.36670932173728943	 -0.07317334413528442	 -0.18691964447498322	 -0.18888473510742188	 0.06704734265804291	 0.17759378254413605	 0.07744858413934708	 -0.2997532784938812	 0.020625125616788864	 -0.19674207270145416	 0.02441454492509365	 -0.09989524632692337	 0.23484115302562714	 -0.42237207293510437	 -0.01328385528177023	 -0.11521201580762863	 0.07943403720855713	 0.11305027455091476	 -0.05390433967113495	 -0.09547287970781326	 -0.095894455909729	 0.11688175052404404	 0.38068723678588867	 0.07076937705278397	GNRA
2OIU_Q:10-15	0.061655450612306595	 -0.1576993316411972	 -0.278920978307724	 -0.27903392910957336	 0.05220959708094597	 0.018529703840613365	 0.05232870578765869	 -0.006180189549922943	 0.2187117338180542	 0.106977678835392	 0.20177020132541656	 -0.20426253974437714	 0.05111806467175484	 0.3917069733142853	 0.02894204668700695	 0.30797433853149414	 0.34833741188049316	 0.037804119288921356	 -0.1509808748960495	 -0.04516078904271126	 0.39343366026878357	 -0.07171857357025146	 -0.01335233822464943	 0.20491981506347656	 -0.2680499255657196	 0.2641313970088959	 -0.14629219472408295	 -0.09931998699903488	 -0.08153580874204636	 -0.1611393243074417	 -0.08378913998603821	 0.37643730640411377	 0.23125731945037842	 0.09894710779190063	 0.037603288888931274	 0.05097690597176552	 0.06917395442724228	 -0.0019415667047724128	 0.0031201839447021484	 -0.14266128838062286	 -0.34951579570770264	 -0.08226028829813004	 -0.24021494388580322	 -0.2072417289018631	 0.06010681018233299	 0.1644410341978073	 0.08639728277921677	 -0.28721216320991516	 0.01710638217628002	 -0.2234470248222351	 0.018604399636387825	 -0.08347117900848389	 0.2822361886501312	 -0.4175812304019928	 -0.004028481896966696	 -0.08643462508916855	 0.0542730987071991	 0.1169329285621643	 -0.06297439336776733	 -0.07561518251895905	 -0.11137286573648453	 0.1406676173210144	 0.34325698018074036	 0.08930119127035141	GNRA
2CZJ_H:53-61	0.011596772819757462	 -0.049275849014520645	 -0.014542732387781143	 -0.013847076334059238	 -0.04130791872739792	 -0.0011004706611856818	 -0.012585656717419624	 -0.030803540721535683	 0.12143599987030029	 -0.011954057961702347	 -0.16592033207416534	 0.06528093665838242	 0.03692357987165451	 -0.011432659812271595	 0.07816867530345917	 -0.0521075576543808	 -0.07854550331830978	 0.02101973630487919	 0.0222049281001091	 0.014006081968545914	 -0.1267358958721161	 0.07975903153419495	 -0.14154589176177979	 -0.12266615033149719	 0.09232550114393234	 0.17577950656414032	 0.05373545363545418	 -0.016396427527070045	 0.056969642639160156	 0.03066723793745041	 0.015035043470561504	 0.13133004307746887	 -0.11037427932024002	 -0.18519631028175354	 -0.04792841896414757	 -0.05409497395157814	 -0.002555721439421177	 -0.02205761708319187	 0.04028591141104698	 -0.03869609907269478	 -0.08140499144792557	 0.009774463251233101	 -0.1354021430015564	 -0.03221676126122475	 0.0162156131118536	 -0.03626706451177597	 0.051031988114118576	 0.1334935873746872	 0.04299540817737579	 -0.0690593495965004	 0.17511533200740814	 0.0665435791015625	 0.009363408200442791	 -0.06489009410142899	 0.05407397076487541	 -0.047736529260873795	 -0.027354031801223755	 -0.2104519009590149	 0.0016665227012708783	 0.03956243023276329	 -0.13626323640346527	 -0.007401084061712027	 -0.19511055946350098	 0.00985739566385746	TL
1B23_R:53-61	0.0068248575553298	 -0.07811565697193146	 0.0534491091966629	 -0.04961423575878143	 0.012608494609594345	 -0.015377774834632874	 -0.04354798048734665	 0.012192626483738422	 0.06707834452390671	 -0.01786087267100811	 -0.13339652121067047	 0.12029853463172913	 0.056870393455028534	 -0.022955141961574554	 0.08386728167533875	 -0.05291852355003357	 -0.04269982874393463	 0.013269743882119656	 -0.027371667325496674	 -0.06935299932956696	 -0.2209300547838211	 0.011501978151500225	 -0.14280754327774048	 -0.13432027399539948	 0.040283750742673874	 0.22042030096054077	 0.0009861638536676764	 0.008328841999173164	 0.026403792202472687	 0.046716783195734024	 -0.07284040004014969	 0.13750508427619934	 -0.07429657876491547	 -0.09409669041633606	 -0.10181868076324463	 -0.08804860711097717	 0.12063752114772797	 -0.06415656954050064	 -0.026851318776607513	 0.030955873429775238	 -0.08060897886753082	 0.09973876923322678	 -0.0881018340587616	 -0.035527270287275314	 -0.05008559674024582	 -0.06348584592342377	 -0.005254629533737898	 0.2521803379058838	 -0.07695652544498444	 0.08336801081895828	 0.25682470202445984	 0.03467346727848053	 0.003428908297792077	 -0.015724029392004013	 0.035087935626506805	 -0.0765809714794159	 -0.07850911468267441	 -0.24822796881198883	 0.02167481742799282	 -0.023450439795851707	 -0.021484557539224625	 -0.02620663307607174	 -0.12136389315128326	 0.07652570307254791	TL
5C45_Y:68-76	-0.1949225217103958	 -0.2893054187297821	 -0.14991919696331024	 -0.18379011750221252	 0.06607374548912048	 -0.0034090811386704445	 0.11080081015825272	 0.04215170815587044	 0.08879522979259491	 0.009716957807540894	 -0.45399999618530273	 0.08403915911912918	 -0.05369468405842781	 0.0049139526672661304	 0.11552102118730545	 0.008878863416612148	 -0.10533782094717026	 -0.07245717942714691	 -0.010344226844608784	 -0.02619871124625206	 -0.06122671812772751	 0.16979852318763733	 -0.2886601388454437	 -0.2443111687898636	 0.2651030123233795	 0.28639617562294006	 0.215755432844162	 -0.12335317581892014	 0.07740319520235062	 0.23949983716011047	 0.10744329541921616	 -0.11009752005338669	 -0.06876355409622192	 -0.18945778906345367	 0.030411839485168457	 -0.028884394094347954	 -0.04719803109765053	 0.07485979795455933	 0.25508227944374084	 -0.019361454993486404	 0.02026914805173874	 -0.23440901935100555	 0.015948953106999397	 -0.05831450968980789	 -0.007807567715644836	 -0.0995546206831932	 -0.03968275338411331	 -0.14865225553512573	 -0.009447811171412468	 -0.20298554003238678	 -0.02026074007153511	 0.13582688570022583	 -0.008277196437120438	 -0.0725744441151619	 -0.020297594368457794	 -0.16563838720321655	 -0.0967116504907608	 -0.07856711745262146	 -0.20692665874958038	 -0.013639401644468307	 -0.1622777134180069	 -0.1076960414648056	 -0.253473162651062	 -0.0007184015121310949	TL
1Y0Q_A:21-26	0.02402760274708271	 -0.13452720642089844	 -0.07688236981630325	 -0.1522688865661621	 0.02170795015990734	 -0.03205493465065956	 0.014722784049808979	 -0.31470823287963867	 -0.12666045129299164	 0.13560372591018677	 0.00410983944311738	 -0.4113370478153229	 0.012065713293850422	 0.016125069931149483	 -0.027114378288388252	 0.02743791602551937	 -0.4334215223789215	 0.4577349126338959	 0.13050337135791779	 0.0910700187087059	 0.19934780895709991	 -0.16187714040279388	 0.1749151349067688	 -0.10388016700744629	 0.26278361678123474	 -0.41024497151374817	 -0.33244049549102783	 0.04665391519665718	 -0.14915762841701508	 0.06275060027837753	 -0.2603793144226074	 -0.028293868526816368	 0.17408621311187744	 -0.0999428853392601	 -0.03722383454442024	 -0.267617791891098	 0.26410019397735596	 0.022425265982747078	 0.3123377561569214	 -0.057281363755464554	 -0.0022862094920128584	 -0.0792766585946083	 -0.043567102402448654	 0.171295627951622	 0.16038477420806885	 -0.07026509195566177	 0.009163036942481995	 0.11843486875295639	 -0.131497323513031	 -0.057704564183950424	 -0.017709827050566673	 0.1424274444580078	 0.0062300958670675755	 0.2841004431247711	 -0.20902299880981445	 -0.024282356724143028	 0.20692753791809082	 -0.2576533854007721	 0.11377475410699844	 -0.020599326118826866	 0.07133269309997559	 0.06716201454401016	 -0.3288807272911072	 0.15370871126651764	GNRA
4OQU_A:76-81	0.06932439655065536	 -0.05368461087346077	 -0.18839870393276215	 0.028847629204392433	 0.032761070877313614	 0.08037389069795609	 -0.03156479820609093	 -0.17093633115291595	 0.07800626009702682	 0.16797280311584473	 0.07461042702198029	 -0.11457572132349014	 -0.23047886788845062	 0.11709276586771011	 0.14524400234222412	 0.20098859071731567	 0.30805131793022156	 -0.00030443817377090454	 -0.0890604630112648	 0.07466264814138412	 0.2707507908344269	 0.01624073088169098	 -0.16201436519622803	 -0.04449518024921417	 -0.18851971626281738	 -0.08546791225671768	 0.17432011663913727	 -0.15512575209140778	 0.057409416884183884	 -0.1165512427687645	 -0.17808707058429718	 0.10179805755615234	 -0.0605589933693409	 0.16293764114379883	 0.01645028032362461	 -0.06967359781265259	 -0.0919651910662651	 -0.06256811320781708	 0.09801002591848373	 0.19293393194675446	 0.10112208873033524	 -0.13728366792201996	 -0.24000942707061768	 -0.023506538942456245	 0.14684300124645233	 -0.12143957614898682	 -0.08975377678871155	 -0.04520384594798088	 0.2642113268375397	 0.07902059704065323	 0.2927874028682709	 0.027930239215493202	 -0.03402775153517723	 0.0034982115030288696	 0.10564496368169785	 -0.296968936920166	 0.15037654340267181	 0.23934847116470337	 0.16512681543827057	 -0.09007052332162857	 -0.03632478043437004	 -0.018724238499999046	 0.39106059074401855	 -0.16642528772354126	GNRA
4ENC_A:28-33	0.03850499913096428	 0.010370147414505482	 0.08516909927129745	 -0.24227623641490936	 -0.05974259972572327	 -0.03867640718817711	 0.0470920093357563	 0.021130288019776344	 -0.28168800473213196	 -0.2727462947368622	 0.057670801877975464	 0.24907982349395752	 -0.11797517538070679	 0.1092488169670105	 -0.31524085998535156	 -0.24679534137248993	 -0.025487719103693962	 -0.1940070241689682	 -0.008235275745391846	 -0.147965669631958	 -0.020861269906163216	 -0.020392149686813354	 0.23892176151275635	 -0.22974897921085358	 0.06895174831151962	 -0.4113647937774658	 -0.1203191876411438	 -0.041081298142671585	 -0.34791645407676697	 -0.07381265610456467	 0.12893866002559662	 0.28213265538215637	 0.05892903730273247	 0.11592895537614822	 0.21655334532260895	 -0.07586497813463211	 -0.24855513870716095	 -0.05969966575503349	 -0.19031922519207	 0.03682244196534157	 -0.2517796456813812	 -0.10771387070417404	 0.34583771228790283	 0.11834780126810074	 -0.08715253323316574	 -0.12272385507822037	 0.26109129190444946	 0.21155774593353271	 0.14030654728412628	 0.02412753365933895	 -0.4379281997680664	 -0.1028694286942482	 0.10744742304086685	 0.1003246009349823	 0.0048725479282438755	 0.12009090185165405	 -0.20109309256076813	 -0.11427932977676392	 -0.054791927337646484	 -0.04151788353919983	 0.17499376833438873	 0.010240365751087666	 -0.17125897109508514	 -0.13621199131011963	GNRA
4WT8_D4:54-62	0.030866755172610283	 -0.04163417965173721	 0.0521264523267746	 -0.039019592106342316	 0.11150667071342468	 0.009865764528512955	 -0.024004049599170685	 0.007421707268804312	 0.050422534346580505	 0.026211412623524666	 -0.09116267412900925	 0.06580429524183273	 0.08423848450183868	 -0.08951714634895325	 0.07130399346351624	 -0.10754501819610596	 -0.026873929426074028	 -0.0639321506023407	 -0.050118956714868546	 -0.06794100999832153	 -0.22337883710861206	 -0.02638552524149418	 -0.12822078168392181	 -0.14174313843250275	 -0.0741691067814827	 0.2411765456199646	 -0.12391599267721176	 0.12048564851284027	 -0.02330482192337513	 0.12931302189826965	 -0.05387100204825401	 0.11970916390419006	 -0.011679033748805523	 -0.02542324922978878	 -0.11746934056282043	 -0.06031307205557823	 0.10735178738832474	 -0.04773017391562462	 -0.020548567175865173	 0.10157986730337143	 0.05401797965168953	 0.19375279545783997	 -0.0319204218685627	 -0.0005400114459916949	 0.017370764166116714	 -0.09122315049171448	 -0.03438320383429527	 0.23195287585258484	 -0.16902363300323486	 0.09272631257772446	 0.16135723888874054	 0.0015305744018405676	 -0.05723733454942703	 -0.08841386437416077	 0.0946442186832428	 -0.06810984760522842	 -0.055019065737724304	 -0.1676890254020691	 -0.008664603345096111	 -0.07887185364961624	 0.08758655935525894	 -0.0457875058054924	 -0.15393251180648804	 0.04879682883620262	TL
4V88_A6:1121-1126	-0.2529021203517914	 0.29012659192085266	 -0.16248929500579834	 0.5554519295692444	 -0.041445400565862656	 0.1484529823064804	 -0.06431445479393005	 0.011999267153441906	 -0.04319735988974571	 -0.06640679389238358	 -0.10462518781423569	 -0.11803454160690308	 0.06363176554441452	 -0.019990207627415657	 -0.03593948855996132	 0.23766589164733887	 -0.02494105137884617	 0.0011554533848538995	 0.28725284337997437	 -0.09624304622411728	 -0.015216057188808918	 0.10781384259462357	 -0.03363708034157753	 -0.01382445264607668	 -0.05608844757080078	 0.07893022149801254	 0.044609520584344864	 -0.11215393990278244	 0.2055220603942871	 -0.12316849082708359	 0.030010590329766273	 -0.009965918026864529	 -0.34727799892425537	 -0.011054858565330505	 0.060690950602293015	 0.016190120950341225	 0.09245708584785461	 -0.005270406603813171	 -0.09574725478887558	 -0.08193853497505188	 0.039048369973897934	 -0.16279079020023346	 -0.03916109353303909	 0.15329061448574066	 0.0431416817009449	 -0.054627154022455215	 -0.033734943717718124	 -0.1541815549135208	 0.12308601289987564	 -0.03821606561541557	 -0.03382115811109543	 -0.03810086473822594	 -0.289228230714798	 0.17317134141921997	 -0.1945258229970932	 0.0032903701066970825	 0.02542063780128956	 -0.06976919621229172	 -0.17442558705806732	 -0.022459641098976135	 -0.06222139671444893	 -0.04564790055155754	 0.3912915289402008	 0.04002709686756134	GNRA
2ZNI_C:53-61	-0.11671318113803864	 -0.20497889816761017	 -0.1205514669418335	 -0.10805216431617737	 -0.02950022928416729	 0.11420697718858719	 0.1944197565317154	 0.07711099088191986	 0.06741216778755188	 0.08406224846839905	 -0.3098948001861572	 -0.002154040616005659	 -0.020088262856006622	 -0.11487097293138504	 0.08615640550851822	 -0.1540188491344452	 -0.038538578897714615	 -0.1658027172088623	 -0.0680437982082367	 -0.01643449068069458	 -0.01172284409403801	 0.10731182247400284	 -0.23024672269821167	 -0.26081332564353943	 0.14036719501018524	 0.25940409302711487	 0.00042116641998291016	 0.019193630665540695	 0.06435970962047577	 0.2228412628173828	 0.14165982604026794	 -0.029289610683918	 0.002638300182297826	 -0.1500576287508011	 -0.0354621447622776	 -0.04345349967479706	 -0.03094194270670414	 0.008427008986473083	 0.15602964162826538	 0.011261923238635063	 0.15790662169456482	 -0.04079621657729149	 -0.10741987079381943	 -0.02768830582499504	 0.013900833204388618	 -0.10437306016683578	 -0.033321406692266464	 -0.10199213773012161	 -0.07106129080057144	 -0.19409221410751343	 -0.10111688077449799	 0.10085722804069519	 -0.0885944813489914	 -0.13995841145515442	 -0.008263143710792065	 -0.0779586136341095	 -0.030752595514059067	 -0.11539188027381897	 -0.09474362432956696	 -0.10779794305562973	 -0.06438750773668289	 -0.002597023732960224	 -0.2513824999332428	 -0.04001519829034805	TL
4Y4O_2A:1222-1227	-0.16773726046085358	 0.1615237146615982	 -0.13551892340183258	 0.35206684470176697	 0.1172337457537651	 0.08141689747571945	 -0.026700273156166077	 -0.08000247180461884	 -0.0801539197564125	 -0.06149039790034294	 -0.13349542021751404	 0.007403033319860697	 -0.09189334511756897	 0.06659805029630661	 0.02413068152964115	 0.13460983335971832	 0.3038416802883148	 0.024187354370951653	 0.06425502151250839	 0.004493465181440115	 0.10991179198026657	 -0.034405242651700974	 0.0027601420879364014	 -0.055993761867284775	 -0.015804652124643326	 -0.07042435556650162	 0.11401396989822388	 -0.06358077377080917	 0.18718481063842773	 -0.06674154847860336	 -0.011124487034976482	 -0.1843520551919937	 -0.2658669352531433	 0.18712516129016876	 -0.02082226611673832	 0.03782526031136513	 0.09739983081817627	 -0.15313221514225006	 0.1055941954255104	 0.051443327218294144	 0.3408263623714447	 -0.06528966873884201	 -0.13476918637752533	 0.03700188547372818	 0.12982843816280365	 -0.27988341450691223	 -0.02943645976483822	 -0.05776256322860718	 0.28119203448295593	 0.06527816504240036	 0.24755285680294037	 0.04447216913104057	 -0.29272422194480896	 0.16180595755577087	 -0.042012885212898254	 -0.08838697522878647	 0.11061438918113708	 0.05312736704945564	 -0.14852143824100494	 -0.17009423673152924	 -0.04650472104549408	 -0.016114884987473488	 0.4386011064052582	 -0.12340236455202103	GNRA
4WF9_X:533-538	0.10704813152551651	 -0.1672443151473999	 -0.07360520213842392	 0.2687886655330658	 0.04296201467514038	 -0.3425348997116089	 0.2478732019662857	 0.03600219264626503	 -0.23006291687488556	 0.16039326786994934	 0.17860861122608185	 0.06388217955827713	 -0.31514355540275574	 0.04102276265621185	 0.14556828141212463	 0.36840009689331055	 0.23964083194732666	 -0.13748498260974884	 -0.023868054151535034	 -0.21744847297668457	 -0.05688348039984703	 0.12468387931585312	 -0.3144957721233368	 0.0689929947257042	 -0.1785215139389038	 0.01710527203977108	 -0.10065224021673203	 -0.11938020586967468	 -0.008529006503522396	 0.20521271228790283	 -0.3511907756328583	 0.33882367610931396	 0.12517417967319489	 -0.08979073166847229	 -0.07797922194004059	 -0.07722532004117966	 0.06986608356237411	 0.2579869329929352	 0.15810446441173553	 0.09458208084106445	 -0.08115431666374207	 0.017041809856891632	 -0.08284514397382736	 0.23347283899784088	 0.2101617455482483	 0.1944010853767395	 -0.14810912311077118	 -0.12199121713638306	 0.037890251725912094	 -0.0879584327340126	 0.07244113832712173	 0.22137653827667236	 -0.030956441536545753	 -0.014522060751914978	 0.13837940990924835	 -0.10258951038122177	 0.14460627734661102	 0.07595324516296387	 0.059782832860946655	 0.21330960094928741	 -0.14363674819469452	 0.0361962653696537	 0.24445515871047974	 0.18134307861328125	GNRA
